id,conversation_id,created_at,date,time,timezone,user_id,username,name,place,tweet,language,mentions,urls,photos,replies_count,retweets_count,likes_count,hashtags,cashtags,link,retweet,quote_url,video,thumbnail,near,geo,source,user_rt_id,user_rt,retweet_id,reply_to,retweet_date,translate,trans_src,trans_dest
1416548266574024704,1416548266574024704,2021-07-18 01:59:59 CEST,2021-07-18,01:59:59,+0200,3056618512,ferrerabcn,Antonio Ferrera Ojeda ğŸ™,,ğŸ’œğŸ’œğŸ’œğŸ’œğŸ’œğŸ’œğŸ’œğŸ’œğŸ’œğŸ’œğŸ’œğŸ’œğŸ’œ #APOYOROCIO18J #MareaFucsia  https://t.co/CujDdCaiMD,und,[],[],['https://pbs.twimg.com/media/E6iXI_PWEAEt8pu.jpg'],0,3,16,"['apoyorocio18j', 'mareafucsia']",[],https://twitter.com/ferrerabcn/status/1416548266574024704,False,,1,https://pbs.twimg.com/media/E6iXI_PWEAEt8pu.jpg,Barcelona,,,,,,[],,,,
1416548266074853376,1416548266074853376,2021-07-18 01:59:59 CEST,2021-07-18,01:59:59,+0200,1326983102514782213,joanaaa__18,JoanağŸ’«,,ğŸ˜ğŸ˜  https://t.co/9O2ph6XKWo,und,[],[],['https://pbs.twimg.com/media/E6iXJB7X0AMai1X.jpg'],2,0,3,[],[],https://twitter.com/Joanaaa__18/status/1416548266074853376,False,,1,https://pbs.twimg.com/media/E6iXJB7X0AMai1X.jpg,Barcelona,,,,,,[],,,,
1416548265693257730,1416548265693257730,2021-07-18 01:59:59 CEST,2021-07-18,01:59:59,+0200,2807401898,ganamosbitcoins,ğ—šğ—¿ğ˜‚ğ—½ğ—¼ de Cristina Bitcoin MLM ğŸ’°â‚¿ğŸ’²,,"Â¿SabÃ­as que es posible ganar 10 Bitcoins en una semana? ğŸ’° â¡ï¸  https://t.co/VoWAmctQOL ğŸ’° SuscrÃ­bete, dale un like y retwitea. Â¡ğ—¬ ğ—½ğ—®ğ—¿ğ˜ğ—¶ğ—°ğ—¶ğ—½ğ—® ğ—½ğ—¼ğ—¿ğ—¾ğ˜‚ğ—² ğ—²ğ˜€ğ˜ğ—® ğ—–ğ—¢ğ— ğ—£ğ—¥ğ—¢ğ—•ğ—”ğ——ğ—¢! ğŸ’° â‚¿",es,[],['https://tinyurl.com/y3ypsarj'],[],0,0,0,[],[],https://twitter.com/GanamosBitcoins/status/1416548265693257730,False,,0,,Barcelona,,,,,,[],,,,
1416548249041842176,1416547581283508229,2021-07-18 01:59:55 CEST,2021-07-18,01:59:55,+0200,1305608328228343810,adrixx21_,Hellokittyfanboy,,@ElRafa372 Me pasÃ³,es,[],[],[],1,0,1,[],[],https://twitter.com/adrixx21_/status/1416548249041842176,False,,0,,Barcelona,,,,,,"[{'screen_name': 'ElRafa372', 'name': 'No soy smurf tonto', 'id': '1029482712384643072'}]",,,,
1416548244193267715,1416548244193267715,2021-07-18 01:59:54 CEST,2021-07-18,01:59:54,+0200,278002936,barnacitizen,Andrea ğŸ¾ğŸ’™ğŸ’˜,,"Ni confirmo ni desmiento que en el directo de @meb_podcast cuando han hablado de la ""amistad"" Press-Heath  no se porque en mi mente Heath era O'Hara y casi me dan mil infartos.  https://t.co/0SBTVjeNhu",es,"[{'screen_name': 'meb_podcast', 'name': 'mente en blanco', 'id': '1313546746954420224'}]",[],['https://pbs.twimg.com/tweet_video_thumb/E6iXHZHWYAAwy0s.jpg'],0,0,0,[],[],https://twitter.com/barnacitizen/status/1416548244193267715,False,,1,https://pbs.twimg.com/tweet_video_thumb/E6iXHZHWYAAwy0s.jpg,Barcelona,,,,,,[],,,,
1416548243589287943,1416548243589287943,2021-07-18 01:59:54 CEST,2021-07-18,01:59:54,+0200,258332226,empiglett,Empiglet,, https://t.co/BZJGQvysev,und,[],[],['https://pbs.twimg.com/media/E6iXHrMWEAM9hYp.jpg'],0,0,0,[],[],https://twitter.com/Empiglett/status/1416548243589287943,False,,1,https://pbs.twimg.com/media/E6iXHrMWEAM9hYp.jpg,Barcelona,,,,,,[],,,,
1416548240409890818,1416548240409890818,2021-07-18 01:59:53 CEST,2021-07-18,01:59:53,+0200,100274211,daliyanava,Nectarine âœ¨ğŸ‡¯ğŸ‡²,,"Iâ€™ve just looked at my plans for the week and omg between responsibilities, appointments, socialising, family and the gym, I have really packed my diary ğŸ™ƒ",en,[],[],[],0,0,0,[],[],https://twitter.com/DaliyaNava/status/1416548240409890818,False,,0,,Barcelona,,,,,,[],,,,
1416548240141471746,1416516287098990592,2021-07-18 01:59:53 CEST,2021-07-18,01:59:53,+0200,1388072746903613440,ditodebcn,Un ciudadano ğŸ‡ªğŸ‡¸ğŸ‡®ğŸ‡¹,,@dvid_tm La veo demasiado simple y se hace pesada. Demasiado gore,es,[],[],[],0,0,0,[],[],https://twitter.com/ditodebcn/status/1416548240141471746,False,,0,,Barcelona,,,,,,"[{'screen_name': 'dvid_tm', 'name': 'DavidTMğŸ‡®ğŸ‡¹', 'id': '1143194705863352322'}]",,,,
1416548240099512325,1416493556768911361,2021-07-18 01:59:53 CEST,2021-07-18,01:59:53,+0200,1193909136167182336,sarawhiterosee,Sara Whiteâšœï¸Barcelona,,@MadelineVonn ğŸ’‹ğŸ¤,und,[],[],[],0,0,0,[],[],https://twitter.com/SaraWhiteRosee/status/1416548240099512325,False,,0,,Barcelona,,,,,,"[{'screen_name': 'MadelineVonn', 'name': 'Madeline Vonn Ë¢á¶  ğŸ¯ Ê°áµ’áµ˜Ë¢áµ—áµ’â¿ â·/Â²â· â» Â²â¹', 'id': '1050150938952970240'}]",,,,
1416548230259777537,1416548230259777537,2021-07-18 01:59:50 CEST,2021-07-18,01:59:50,+0200,1292657695028400130,binbinbinksss,Hugros,,Coucou,fr,[],[],[],0,0,0,[],[],https://twitter.com/binbinbinksss/status/1416548230259777537,False,https://twitter.com/salimketalove/status/1298751071406432256,0,,Barcelona,,,,,,[],,,,
1416548219299975168,1416379680903532545,2021-07-18 01:59:48 CEST,2021-07-18,01:59:48,+0200,2177888071,aalamanah,samirif âµ™â´°âµâµ‰âµ”âµ‰â´¼,,"@_widadia ""Ùˆ Ø¹Ø³Ù‰ Ø£Ù† ØªÙƒØ±Ù‡ÙˆØ§ Ø´ÙŠØ¦Ø§ Ùˆ Ù‡Ùˆ Ø®ÙŠØ±ÙŒ Ù„ÙƒÙ…""",ar,[],[],[],1,0,1,[],[],https://twitter.com/AAlamanah/status/1416548219299975168,False,,0,,Barcelona,,,,,,"[{'screen_name': '_widadia', 'name': 'ğŸ‡²ğŸ‡¦Ø§Ù„Ù…ØºØ±Ø¨ÙŠØ© ğŸ˜Ø§Ù„Ù…ØªÙØ§Ø¦Ù„Ø© ğŸ‡²ğŸ‡¦', 'id': '1365192018482384896'}]",,,,
1416548214245773313,1416437518577307648,2021-07-18 01:59:47 CEST,2021-07-18,01:59:47,+0200,879999526018441216,kingshadow007,Nameless King,,@NextGenPlayer Lmao dat gif ğŸ¤£ğŸ¤£ğŸ¤£ğŸ¤£ğŸ¤£ğŸ¤£,en,[],[],[],0,0,0,[],[],https://twitter.com/KingShadow007/status/1416548214245773313,False,,0,,Barcelona,,,,,,"[{'screen_name': 'NextGenPlayer', 'name': 'Hunter ğŸ®', 'id': '14957745'}]",,,,
1416548213981687808,1416424104815697921,2021-07-18 01:59:47 CEST,2021-07-18,01:59:47,+0200,2444968877,correodelgado,Jacinto DelgadoğŸ˜·ğŸ–¤ğŸ‡ªğŸ‡¸ğŸ’š,,@_tracia_ ğŸ¤£ğŸ¤£ğŸ˜£ğŸ˜£ğŸ˜¥ğŸ˜¥,und,[],[],[],0,0,0,[],[],https://twitter.com/CorreoDelgado/status/1416548213981687808,False,,0,,Barcelona,,,,,,"[{'screen_name': '_tracia_', 'name': 'âœï¸ Tracia #VivaCubaLibre ğŸ’šğŸ‡ªğŸ‡¸ğŸ’šğŸ‡®ğŸ‡±', 'id': '1195405921356275722'}]",,,,
1416548212811440133,1416524073530703879,2021-07-18 01:59:46 CEST,2021-07-18,01:59:46,+0200,1191939756109815809,kapfcb,kapâš¡,,@kilosflo10e7 25 ğŸ˜±ğŸ˜­ğŸ˜­,und,[],[],[],2,0,0,[],[],https://twitter.com/KapFcb/status/1416548212811440133,False,,0,,Barcelona,,,,,,"[{'screen_name': 'kilosflo10e7', 'name': 'ğŸ’˜', 'id': '1400595562991427584'}]",,,,
1416548212505206788,1416547423741227017,2021-07-18 01:59:46 CEST,2021-07-18,01:59:46,+0200,1195802704972521476,l5iijl,Ø®Ø§Ù„Ø¯,,@SaifAlotaibi0 @ALMRISEUL Ù‡Ù‡Ù‡Ù‡Ù‡Ù‡Ù‡Ù‡Ù‡Ù‡Ù‡Ù‡Ù‡Ù‡Ù‡Ù‡Ù‡Ù‡Ù‡Ù‡Ù‡Ù‡Ù‡Ù‡Ù‡Ù‡Ù‡Ù‡Ù‡Ù‡Ù‡Ù‡Ù‡Ù‡Ù‡Ù‡Ù‡Ù‡Ù‡Ù‡Ù‡Ù‡Ù‡Ù‡Ù‡Ù‡Ù‡Ù‡Ù‡Ù‡Ù‡Ù‡Ù‡Ù‡Ù‡Ù‡Ù‡Ù‡Ù‡Ù‡Ù‡Ù‡Ù‡Ù‡Ù‡Ù‡Ù‡Ù‡Ù‡Ù‡Ù‡Ù‡Ù‡Ù‡Ù‡Ù‡Ù‡Ù‡Ù‡Ù‡Ù‡Ù‡Ù‡Ù‡Ù‡Ù‡Ù‡Ù‡Ù‡Ù‡Ù‡Ù‡Ù‡Ù‡Ù‡Ù‡Ù‡Ù‡Ù‡Ù‡Ù‡Ù‡Ù‡Ù‡Ù‡Ù‡Ù‡Ù‡Ù‡Ù‡Ù‡Ù‡Ù‡Ù‡Ù‡Ù‡Ù‡Ù‡Ù‡Ù‡Ù‡Ù‡Ù‡Ù‡Ù‡Ù‡Ù‡Ù‡Ù‡Ù‡Ù‡Ù‡Ù‡Ù‡Ù‡Ù‡Ù‡Ù‡Ù‡Ù‡Ù‡Ù‡Ù‡Ù‡Ù‡Ù‡Ù‡Ù‡Ù‡Ù‡Ù‡Ù‡Ù‡Ù‡Ù‡Ù‡Ù‡Ù‡Ù‡Ù‡Ù‡Ù‡Ù‡,ar,[],[],[],0,0,0,[],[],https://twitter.com/l5iijl/status/1416548212505206788,False,,0,,Barcelona,,,,,,"[{'screen_name': 'SaifAlotaibi0', 'name': 'Ø³ÙŠÙ | SAIF ğŸ“Š.', 'id': '1385029295496630272'}, {'screen_name': 'ALMRISEUL', 'name': 'Ø¹Ø¨Ø¯Ø§Ù„Ø¹Ø²ÙŠØ² Ø§Ù„Ù…Ø±ÙŠØ³Ù„', 'id': '251352535'}]",,,,
1416548211276267524,1416548211276267524,2021-07-18 01:59:46 CEST,2021-07-18,01:59:46,+0200,1309940489009930242,caarlacozar,caarlacozar_,,como desearÃ­a estar ahora mismo contigo,es,[],[],[],0,0,1,[],[],https://twitter.com/caarlacozar/status/1416548211276267524,False,,0,,Barcelona,,,,,,[],,,,
1416548210244468739,1416547952332574723,2021-07-18 01:59:46 CEST,2021-07-18,01:59:46,+0200,447008260,julteon_,ğŸ¥¸,,"la vd harta, les han dado mas d un premio o reconocimiento y mi madre siempre en segundo plano",es,[],[],[],0,0,1,[],[],https://twitter.com/julteon_/status/1416548210244468739,False,,0,,Barcelona,,,,,,[],,,,
1416548199607775236,1416369822510768129,2021-07-18 01:59:43 CEST,2021-07-18,01:59:43,+0200,927153558935556097,jpinenti,Jose Pinent Isart,,@MargaXrepublica @KRLS @ConsellxRep DonÃ§ ja en serem dos.âœŠï¸,ca,[],[],[],0,0,1,[],[],https://twitter.com/jpinenti/status/1416548199607775236,False,,0,,Barcelona,,,,,,"[{'screen_name': 'MargaXrepublica', 'name': 'Marga X La RepÃºblica', 'id': '907131198039842816'}, {'screen_name': 'KRLS', 'name': 'Carles Puigdemont', 'id': '11611502'}, {'screen_name': 'ConsellxRep', 'name': 'Consell per la RepÃºblica Catalana', 'id': '926168457758105601'}]",,,,
1416548196508127235,1416548196508127235,2021-07-18 01:59:42 CEST,2021-07-18,01:59:42,+0200,1175586844328828929,marceloalves009,marcelo alves,,"Minha mulher Ã© espanhola e Ã© apaixonada pelo safadÃ£o, jÃ¡ to com ciÃºmesğŸ˜‚ assistindo a live desde de Barcelona-Espanha manda um beijo pra Mariona safadÃ£o ela jÃ¡ fala portuguÃªs,vai safadÃ£o #SafadaonoShoptime",pt,[],[],[],0,1,2,['safadaonoshoptime'],[],https://twitter.com/marceloalves009/status/1416548196508127235,False,,0,,Barcelona,,,,,,[],,,,
1416548183505784834,1416548116044648449,2021-07-18 01:59:39 CEST,2021-07-18,01:59:39,+0200,750096908,matias11d_,Doctor,,@adr__x Yo como siempre: detrÃ¡s tuyo,es,[],[],[],1,0,1,[],[],https://twitter.com/Matias11D_/status/1416548183505784834,False,,0,,Barcelona,,,,,,"[{'screen_name': 'adr__x', 'name': 'el adri', 'id': '2332549025'}]",,,,
1416548180792066056,1416516954819604489,2021-07-18 01:59:39 CEST,2021-07-18,01:59:39,+0200,232015685,manulfv,Usagi,,@virgi_m13 Felicidades. Creo que la tarjeta tenÃ­a mÃºsica. Â¿QuÃ© canciÃ³n es?,es,[],[],[],1,0,1,[],[],https://twitter.com/ManuLFV/status/1416548180792066056,False,,0,,Barcelona,,,,,,"[{'screen_name': 'virgi_m13', 'name': 'Virginia 13', 'id': '1104322079585984513'}]",,,,
1416548167202525184,1416546369427365895,2021-07-18 01:59:35 CEST,2021-07-18,01:59:35,+0200,1292432584408956929,alexiiasoriiano,lexiğŸ·,,@oscaardiaz__ que bonito lloro,es,[],[],[],0,0,1,[],[],https://twitter.com/alexiiasoriiano/status/1416548167202525184,False,,0,,Barcelona,,,,,,"[{'screen_name': 'oscaardiaz__', 'name': 'tu crush ğŸ˜˜', 'id': '1363529165677490177'}]",,,,
1416548166195945475,1416538590658584581,2021-07-18 01:59:35 CEST,2021-07-18,01:59:35,+0200,172973373,jessiedippe,Jessica Dippe,,@momowchi_ Discord,en,[],[],[],0,0,0,[],[],https://twitter.com/jessiedippe/status/1416548166195945475,False,,0,,Barcelona,,,,,,"[{'screen_name': 'momowchi_', 'name': 'Momochi', 'id': '55103756'}]",,,,
1416548155416616965,1416548155416616965,2021-07-18 01:59:33 CEST,2021-07-18,01:59:33,+0200,2684456153,somnipop_,vic,, https://t.co/6RyacuPGoB,und,[],['https://open.spotify.com/track/1UbwpyozDvufPs6aNPW3ti'],[],1,0,8,[],[],https://twitter.com/somnipop_/status/1416548155416616965,False,,0,,Barcelona,,,,,,[],,,,
1416548152363077632,1413537710418153474,2021-07-18 01:59:32 CEST,2021-07-18,01:59:32,+0200,1063925809415622658,koongchan_,SnowlyË¢áµá¶»â„ MÂª fan acc.ğŸ’ HYUNJULY ğŸ€astro cbğŸ’,,@SanYoonTae Aunque no creo que pudiera vivir con los celos de Tae pero no me importa compartir uxkdndmdk ğŸ’–,es,[],[],[],1,0,1,[],[],https://twitter.com/koongchan_/status/1416548152363077632,False,,0,,Barcelona,,,,,,"[{'screen_name': 'SanYoonTae', 'name': 'â…ëˆˆâ… ~ Ë¢áµƒâ¿', 'id': '1101186747235475459'}]",,,,
1416548142674333701,1415236743117348870,2021-07-18 01:59:30 CEST,2021-07-18,01:59:30,+0200,48744241,khommonnoise,Joseph Andrews,,"@elespanolcom Este subnormal de Naim , tiene twitter?",es,[],[],[],0,0,0,[],[],https://twitter.com/KhommonNoise/status/1416548142674333701,False,,0,,Barcelona,,,,,,"[{'screen_name': 'elespanolcom', 'name': 'EL ESPAÃ‘OL', 'id': '2905232597'}]",,,,
1416548133287473152,1416547423741227017,2021-07-18 01:59:27 CEST,2021-07-18,01:59:27,+0200,1195802704972521476,l5iijl,Ø®Ø§Ù„Ø¯,,@ALMRISEUL ÙƒÙ…Ù…Ù„ ğŸ˜­ğŸ˜­ğŸ˜­,ar,[],[],[],0,0,0,[],[],https://twitter.com/l5iijl/status/1416548133287473152,False,,0,,Barcelona,,,,,,"[{'screen_name': 'ALMRISEUL', 'name': 'Ø¹Ø¨Ø¯Ø§Ù„Ø¹Ø²ÙŠØ² Ø§Ù„Ù…Ø±ÙŠØ³Ù„', 'id': '251352535'}]",,,,
1416548132935057409,1416548132935057409,2021-07-18 01:59:27 CEST,2021-07-18,01:59:27,+0200,1134183159678099456,sweetsusanx,SusieğŸš€,,las vibes de 2am tan reales  https://t.co/taEy2SZcKw,es,[],['https://open.spotify.com/track/4eVUPMhqGFcmxo6cjv9KqA?si=X1eT5tBrT4GB2EAb2ChWFA&dl_branch=1'],[],0,0,0,[],[],https://twitter.com/sweetsusanx/status/1416548132935057409,False,,0,,Barcelona,,,,,,[],,,,
1416548126983430144,1416545539710242821,2021-07-18 01:59:26 CEST,2021-07-18,01:59:26,+0200,733633493280886786,henry_milk,Henrique Leite,,@Bellaviieira Gaaaaaaaaaalo,in,[],[],[],1,0,1,[],[],https://twitter.com/henry_milk/status/1416548126983430144,False,,0,,Barcelona,,,,,,"[{'screen_name': 'Bellaviieira', 'name': 'Bella', 'id': '284594804'}]",,,,
1416548125012119552,1416547003115450372,2021-07-18 01:59:25 CEST,2021-07-18,01:59:25,+0200,1264607178687741952,carlosmoreno24_,Carletto ğŸ¥ºâ™¥ï¸,,@adebayorismo Ajajajajaajj Adebi no falla,es,[],[],[],0,0,1,[],[],https://twitter.com/CarlosMoreno24_/status/1416548125012119552,False,,0,,Barcelona,,,,,,"[{'screen_name': 'adebayorismo', 'name': 'microbi', 'id': '1254161883420114944'}]",,,,
1416548116879249413,1416547258837917706,2021-07-18 01:59:23 CEST,2021-07-18,01:59:23,+0200,2550061528,alfonsohvs,Alfonso Vargas,,@SoyMarijoou Yo estoy mÃ¡s en argentinas y colombianas,es,[],[],[],1,0,0,[],[],https://twitter.com/alfonsohvs/status/1416548116879249413,False,,0,,Barcelona,,,,,,"[{'screen_name': 'SoyMarijoou', 'name': 'ğŸŒ»~Alessandro~ğŸŒ»', 'id': '142413697'}]",,,,
1416548116044648449,1416548116044648449,2021-07-18 01:59:23 CEST,2021-07-18,01:59:23,+0200,2332549025,adr__x,el adri,,soy primero :p,es,[],[],[],2,0,1,[],[],https://twitter.com/adr__x/status/1416548116044648449,False,https://twitter.com/_domiingueezz/status/1416155955092393989,0,,Barcelona,,,,,,[],,,,
1416548115788746752,1416548115788746752,2021-07-18 01:59:23 CEST,2021-07-18,01:59:23,+0200,2221840002,coralintimitat,Coral Intimitat,,"@rocasagna la mÃ©s cordial enhorabona pel magnÃ­fic espectacle de dansa, llum i color que ens heu ofert avui. Llarga vida per ""a la panxa del bou""",ca,"[{'screen_name': 'rocasagna', 'name': 'esbart rocasagna', 'id': '16699382'}]",[],[],0,1,2,[],[],https://twitter.com/CoralIntimitat/status/1416548115788746752,False,,0,,Barcelona,,,,,,[],,,,
1416548109845422082,1416546934098071554,2021-07-18 01:59:22 CEST,2021-07-18,01:59:22,+0200,1148351177777647616,nanilopezs,Nani,,@Guarromantico_ @evelyn_ch20,und,"[{'screen_name': 'evelyn_ch20', 'name': 'evelyn', 'id': '67488847'}]",[],[],1,0,1,[],[],https://twitter.com/nanilopezs/status/1416548109845422082,False,,0,,Barcelona,,,,,,"[{'screen_name': 'Guarromantico_', 'name': 'El GuarromÃ¡ntico', 'id': '550336226'}]",,,,
1416548109451210752,1415945917652422658,2021-07-18 01:59:22 CEST,2021-07-18,01:59:22,+0200,3864415095,myworldofdjs,Mayka Garcia,,"@marmar7319 @Alvisepf @guardiacivil Esta niÃ±a ya no estÃ¡, en EspaÃ±a.",es,[],[],[],0,0,0,[],[],https://twitter.com/MyWorldOfDjs/status/1416548109451210752,False,,0,,Barcelona,,,,,,"[{'screen_name': 'marmar7319', 'name': 'Maria', 'id': '839950723903340545'}, {'screen_name': 'Alvisepf', 'name': 'Alvise PÃ©rez', 'id': '262822127'}, {'screen_name': 'guardiacivil', 'name': 'Guardia Civil ğŸ‡ªğŸ‡¸', 'id': '295608887'}]",,,,
1416548107115012098,1416548107115012098,2021-07-18 01:59:21 CEST,2021-07-18,01:59:21,+0200,1247995165530361857,iriisgr_,ğ‘°ğ’“ğ’Šğ’”,,encontrarme x la calle a gente con la q he compartido babas en algÃºn momento de la vida cada dos segundos is my passion ğŸ‘…ğŸ‘…ğŸ‘…,es,[],[],[],0,0,0,[],[],https://twitter.com/iriisgr_/status/1416548107115012098,False,,0,,Barcelona,,,,,,[],,,,
1416548103235252224,1416543622791524356,2021-07-18 01:59:20 CEST,2021-07-18,01:59:20,+0200,1410677917806379010,pedri_prop,Barca_lad,,@fcbnilebagged  https://t.co/mqpSz6tD1T,und,[],[],['https://pbs.twimg.com/media/E6iW_dAWQA81HQW.jpg'],0,0,1,[],[],https://twitter.com/pedri_prop/status/1416548103235252224,False,,1,https://pbs.twimg.com/media/E6iW_dAWQA81HQW.jpg,Barcelona,,,,,,[],,,,
1416548100274012169,1416482262405853195,2021-07-18 01:59:19 CEST,2021-07-18,01:59:19,+0200,158367578,juananhj7,juanito,,"@Maxii14I @adriianATM @KMbappe Es del patetico de madrid q esperas ,sentido comun? Ser indio no lo tiene",es,[],[],[],0,0,0,[],[],https://twitter.com/juananhj7/status/1416548100274012169,False,,0,,Barcelona,,,,,,"[{'screen_name': 'Maxii14I', 'name': 'Maxitomon', 'id': '1291856503415214080'}, {'screen_name': 'adriianATM', 'name': 'ğŸ§', 'id': '1179134838667988993'}, {'screen_name': 'KMbappe', 'name': 'Kylian MbappÃ©', 'id': '1725137533'}]",,,,
1416548100265725952,1416528705611079684,2021-07-18 01:59:19 CEST,2021-07-18,01:59:19,+0200,1379874569633292290,destverdefcb,Fanboy de Rodrigo culÃ©,,@franrm___ Entonces del Albacete,es,[],[],[],1,0,1,[],[],https://twitter.com/destverdeFCB/status/1416548100265725952,False,,0,,Barcelona,,,,,,"[{'screen_name': 'franrm___', 'name': 'fran', 'id': '1394077424191774723'}]",,,,
1416548091629608960,1416548091629608960,2021-07-18 01:59:17 CEST,2021-07-18,01:59:17,+0200,227630708,rosfon,Rosario Fontova,,La matraca de los oprimidos....,es,[],[],[],0,0,3,[],[],https://twitter.com/ROSFON/status/1416548091629608960,False,https://twitter.com/LauraBorras/status/1416462067511570441,0,,Barcelona,,,,,,[],,,,
1416548078253924352,1416022742294466565,2021-07-18 01:59:14 CEST,2021-07-18,01:59:14,+0200,1058026320347717632,alice_sim1,Alice SÃ¡nchez Martos,,"@AizeaMordor A mi me pasa, por mi fobia social e inseguridad personal",es,[],[],[],0,0,3,[],[],https://twitter.com/Alice_Sim1/status/1416548078253924352,False,,0,,Barcelona,,,,,,"[{'screen_name': 'AizeaMordor', 'name': 'ğŸ³ï¸\u200dğŸŒˆ Aizea Gallagher ğŸ³ï¸\u200dğŸŒˆ', 'id': '856975159'}]",,,,
1416548077377306629,1416429719713681413,2021-07-18 01:59:14 CEST,2021-07-18,01:59:14,+0200,922154762979692544,imperalelo,El emperador del Paralelo,,@RomenCastillo @Flugbeiler Hace unos meses el numerito con/de Pol Capdet y ahora esto.   https://t.co/dxDhxKPTzQ,es,[],['https://mobile.twitter.com/nuvol_com/status/1263862783310999555?lang=es'],[],1,0,0,[],[],https://twitter.com/imperalelo/status/1416548077377306629,False,https://mobile.twitter.com/nuvol_com/status/1263862783310999555?lang=es,0,,Barcelona,,,,,,"[{'screen_name': 'RomenCastillo', 'name': 'Castillo', 'id': '2982085665'}, {'screen_name': 'Flugbeiler', 'name': 'Flugbeiler', 'id': '3087449637'}]",,,,
1416548068565131264,1416547255998423046,2021-07-18 01:59:12 CEST,2021-07-18,01:59:12,+0200,4788286576,marcremastered,â²˜â–²ê„â²¤ ğŸ³ï¸â€ğŸŒˆ,,@socunpringat A ver dÃ³nde apuntas.,es,[],[],[],0,0,0,[],[],https://twitter.com/MarcRemastered/status/1416548068565131264,False,,0,,Barcelona,,,,,,"[{'screen_name': 'socunpringat', 'name': 'AarÃ³n', 'id': '2722907490'}]",,,,
1416548068439252998,1416539522142248961,2021-07-18 01:59:12 CEST,2021-07-18,01:59:12,+0200,1016211085370720257,lo_presiento,mars ğŸ¦‚,,@malabichas ojala ğŸ™ğŸ¼ğŸ™ğŸ¼ğŸ™ğŸ¼,es,[],[],[],0,0,0,[],[],https://twitter.com/lo_presiento/status/1416548068439252998,False,,0,,Barcelona,,,,,,"[{'screen_name': 'malabichas', 'name': 'stanqueens', 'id': '1112062080759271424'}]",,,,
1416548064509186050,1416537633552011264,2021-07-18 01:59:11 CEST,2021-07-18,01:59:11,+0200,743129491615125504,hybrid_isaac,Isaac,,@Braisinho__ @MovistarNBA Â¿Brais el niÃ±o? Â¿Primo?,es,[],[],[],1,0,0,[],[],https://twitter.com/Hybrid_Isaac/status/1416548064509186050,False,,0,,Barcelona,,,,,,"[{'screen_name': 'Braisinho__', 'name': 'Brais ğŸ§ ğŸ¦€', 'id': '1325378653845417991'}, {'screen_name': 'MovistarNBA', 'name': 'NBA en Movistar+', 'id': '263353954'}]",,,,
1416548064131747842,1416538159022845958,2021-07-18 01:59:11 CEST,2021-07-18,01:59:11,+0200,735802677574111232,miyaramp,MIYA MODO DESASTREğŸ§ ğŸ«€,,@nadaporhoy_ JAJAJAJA,es,[],[],[],1,0,0,[],[],https://twitter.com/miyaramp/status/1416548064131747842,False,,0,,Barcelona,,,,,,"[{'screen_name': 'nadaporhoy_', 'name': 'ğŸ¥–', 'id': '1021828181848989696'}]",,,,
1416548050017869832,1416543259569139712,2021-07-18 01:59:07 CEST,2021-07-18,01:59:07,+0200,146436511,manchapaginas,Jorfe - Safe place for: âœŠğŸ½âœŠğŸ¾âœŠğŸ¿ğŸ³ï¸â€ğŸŒˆğŸ³ï¸â€âš§ï¸,,"@ladyakasha8 Es que justamente el que se invente un etnocentrismo inexistente sirve para que sÃ³lo ellos sean los autÃ©nticos. Por eso, si lo miras, verÃ¡s que en VOX la mayorÃ­a de espaÃ±oles de bien tienen apellidos extranjeros.",es,[],[],[],0,0,0,[],[],https://twitter.com/Manchapaginas/status/1416548050017869832,False,,0,,Barcelona,,,,,,"[{'screen_name': 'ladyakasha8', 'name': 'Johanna ìš”í•œë‚˜ ğŸ³ï¸\u200dğŸŒˆ', 'id': '126764402'}]",,,,
1416548049598492676,1416548049598492676,2021-07-18 01:59:07 CEST,2021-07-18,01:59:07,+0200,724634372310204421,claret_d_,Quer â˜£,,BğŸ‘  https://t.co/fiOoSthfiv,und,[],[],['https://pbs.twimg.com/media/E6iW8CwX0AA_Zmi.jpg'],0,1,4,[],[],https://twitter.com/Claret_D_/status/1416548049598492676,False,,1,https://pbs.twimg.com/media/E6iW8CwX0AA_Zmi.jpg,Barcelona,,,,,,[],,,,
1416548038546427914,1416476985849786377,2021-07-18 01:59:05 CEST,2021-07-18,01:59:05,+0200,1289148511469162496,sonflowervoi6,sxnia ğŸ§¸,,@mpulillo ğŸ˜³ğŸ˜³ğŸ˜³ğŸ˜³ğŸ˜šğŸ˜šğŸ˜š,und,[],[],[],0,0,0,[],[],https://twitter.com/sonflowervoI6/status/1416548038546427914,False,,0,,Barcelona,,,,,,"[{'screen_name': 'mpulillo', 'name': 'polillağŸ§£', 'id': '561329075'}]",,,,
1416548035916619776,1416542170740310020,2021-07-18 01:59:04 CEST,2021-07-18,01:59:04,+0200,144959332,cecemusica_,CecÃ©,,@00cxcx00 lo eres mami,es,[],[],[],1,0,0,[],[],https://twitter.com/cecemusica_/status/1416548035916619776,False,,0,,Barcelona,,,,,,"[{'screen_name': '00cxcx00', 'name': 'coco ğŸ¥¥', 'id': '2711655629'}]",,,,
1416548030468210692,1416405292569571334,2021-07-18 01:59:03 CEST,2021-07-18,01:59:03,+0200,59298945,omarchairi,ğŸ‡²ğŸ‡¦ á´š âˆ€ É¯ O ğŸ‡²ğŸ‡¦,,@El_Bilade  https://t.co/Hwaf1XA9SH,und,[],[],['https://pbs.twimg.com/media/E6iW7HsXoAQGsPp.jpg'],0,0,0,[],[],https://twitter.com/omarchairi/status/1416548030468210692,False,,1,https://pbs.twimg.com/media/E6iW7HsXoAQGsPp.jpg,Barcelona,,,,,,[],,,,
1416548026324328454,1416325137801043968,2021-07-18 01:59:02 CEST,2021-07-18,01:59:02,+0200,1202362473912918018,andrearriazaa,andrea,,@sadaarkk comeme ya coÃ±o,es,[],[],[],0,0,0,[],[],https://twitter.com/andrearriazaa/status/1416548026324328454,False,,0,,Barcelona,,,,,,"[{'screen_name': 'sadaarkk', 'name': 'saddddddddddd ğŸ‡¦ğŸ‡·', 'id': '1304158971859738625'}]",,,,
1416548025003036675,1416529228082855938,2021-07-18 01:59:02 CEST,2021-07-18,01:59:02,+0200,1280858920634941440,luffy_yy,Luffy_,,@Diego43062154 El q no entiendes,es,[],[],[],0,0,1,[],[],https://twitter.com/Luffy_yy/status/1416548025003036675,False,,0,,Barcelona,,,,,,"[{'screen_name': 'Diego43062154', 'name': 'Diiegoo_est.17', 'id': '1324385015472508928'}]",,,,
1416548018397011968,1416541138421440513,2021-07-18 01:59:00 CEST,2021-07-18,01:59:00,+0200,1191939756109815809,kapfcb,kapâš¡,,@daniirm__ ğŸ˜‰,und,[],[],[],0,0,1,[],[],https://twitter.com/KapFcb/status/1416548018397011968,False,,0,,Barcelona,,,,,,"[{'screen_name': 'daniirm__', 'name': 'ğŸ˜', 'id': '1314913745076981762'}]",,,,
1416548011270975489,1416548011270975489,2021-07-18 01:58:58 CEST,2021-07-18,01:58:58,+0200,1121644470024298497,arnaugonzalez13,Arnau GonzÃ¡lez Argudo,,"HT-  Partido muy igualado entre ambos equipos aunque igual ha sido North Carolina Courage quien ha perdonado algo mÃ¡s de la cuenta. Muy bien Houston en la presiÃ³n en campo rival, mientras que NC si que ha sido mÃ¡s vulnerable a la hora de defender su propia Ã¡rea.",es,[],[],[],0,0,0,[],[],https://twitter.com/ArnauGonzalez13/status/1416548011270975489,False,https://twitter.com/NWSL/status/1416547024074416134,0,,Barcelona,,,,,,[],,,,
1416548003482046482,1416546087968591878,2021-07-18 01:58:56 CEST,2021-07-18,01:58:56,+0200,1364187122417205248,anothertiredsw,abolish work,,@baron_not thanks babe some cbd oil and we sleeping âœŒğŸ¼â¤ï¸,en,[],[],[],0,0,1,[],[],https://twitter.com/anothertiredsw/status/1416548003482046482,False,,0,,Barcelona,,,,,,"[{'screen_name': 'baron_not', 'name': '#1 Client Respecter', 'id': '1297911820158504968'}]",,,,
1416547997593133056,1416547997593133056,2021-07-18 01:58:55 CEST,2021-07-18,01:58:55,+0200,1349865746625679361,cat_nba,NBA CATğŸ€,,Joe Johnson no perd les velles costums,en,[],[],[],0,0,0,[],[],https://twitter.com/cat_nba/status/1416547997593133056,False,https://twitter.com/CBSSports/status/1416486872965058564,0,,Barcelona,,,,,,[],,,,
1416547988596482058,1416547988596482058,2021-07-18 01:58:53 CEST,2021-07-18,01:58:53,+0200,1063925809415622658,koongchan_,SnowlyË¢áµá¶»â„ MÂª fan acc.ğŸ’ HYUNJULY ğŸ€astro cbğŸ’,,Vale ahora sÃ­ soy lÃ¡grimas otra vez. Es que es un amorğŸ¥ºğŸ¥ºğŸ¥º,es,[],[],[],0,0,1,[],[],https://twitter.com/koongchan_/status/1416547988596482058,False,https://twitter.com/ArosesforTae/status/1416547605362974721,0,,Barcelona,,,,,,[],,,,
1416547988026052608,1416540551256715267,2021-07-18 01:58:53 CEST,2021-07-18,01:58:53,+0200,2180857587,ilcmario24,MÎ±ÑÎ¹ÏƒğŸ¹ğŸŒ“,,@MmiguelR10 Antes que escuchar a dali cantar cualquier cosa,es,[],[],[],1,0,1,[],[],https://twitter.com/ilcmario24/status/1416547988026052608,False,,0,,Barcelona,,,,,,"[{'screen_name': 'MmiguelR10', 'name': 'Mmiguel-R10', 'id': '1049771955648417792'}]",,,,
1416547984616181764,1416539667990786065,2021-07-18 01:58:52 CEST,2021-07-18,01:58:52,+0200,1050026280719134720,faris_21_f,ÙØ§Ø±Ø³âŠâ‹ğŸ‡³ğŸ‡±,,@bas8911 ÙŠØ¹Ù†ÙŠ ÙˆØ¶ÙŠØ¹,ar,[],[],[],1,0,0,[],[],https://twitter.com/FARiS_21_F/status/1416547984616181764,False,,0,,Barcelona,,,,,,"[{'screen_name': 'bas8911', 'name': 'Ø¨Ø³!Ù…', 'id': '1370389046225162252'}]",,,,
1416547984532295682,1416451819518189573,2021-07-18 01:58:52 CEST,2021-07-18,01:58:52,+0200,269323299,rantthird,Charlie Croker,,@RubenSanchezTW No te preocupes tÃº estÃ¡s a salvo ğŸ˜‰,es,[],[],[],0,0,0,[],[],https://twitter.com/RantThird/status/1416547984532295682,False,,0,,Barcelona,,,,,,"[{'screen_name': 'RubenSanchezTW', 'name': 'RubÃ©n SÃ¡nchez', 'id': '301308940'}]",,,,
1416547980543471621,1416529228082855938,2021-07-18 01:58:51 CEST,2021-07-18,01:58:51,+0200,1280858920634941440,luffy_yy,Luffy_,,@dakkx Es la luz ğŸ˜¶,es,[],[],[],0,0,0,[],[],https://twitter.com/Luffy_yy/status/1416547980543471621,False,,0,,Barcelona,,,,,,"[{'screen_name': 'dakkx', 'name': 'DaKx.', 'id': '1240962130045808641'}]",,,,
1416547974298079236,1416472648880697345,2021-07-18 01:58:49 CEST,2021-07-18,01:58:49,+0200,1412946671332376584,zaydback,LE SEPTIEME AKHY ğŸ‡¦ğŸ‡·,,@nazca9371 @Dafitesirine @MHDPLEY @Aiglinou @Momonaldo_123 @deazkbl_ AprÃ¨s les gars on prl dâ€™un dessin animÃ© et en plus de mineures (je la fume aussi sah),fr,[],[],[],1,0,24,[],[],https://twitter.com/ZaydBack/status/1416547974298079236,False,,0,,Barcelona,,,,,,"[{'screen_name': 'nazca9371', 'name': 'nazca encore une fois ğŸ‡ªğŸ‡¸ğŸ‡µğŸ‡ª', 'id': '1315649012050137089'}, {'screen_name': 'Dafitesirine', 'name': 'ğğ¨ğ­ğšğ§ ğƒğšâ€™ ğŸ¥¢', 'id': '1347562527849377792'}, {'screen_name': 'MHDPLEY', 'name': 'LIL CHOMAGE \uf8ffğŸ‡¾ğŸ‡¹â­ï¸â­ï¸', 'id': '2432027308'}, {'screen_name': 'Aiglinou', 'name': 'ğŸŒº Inou ğŸ•·ğŸ–¤', 'id': '1034473519944527872'}, {'screen_name': 'Momonaldo_123', 'name': 'MomonaldoğŸ¤¯ğŸ˜ğŸ‡©ğŸ‡¿', 'id': '1349337222093402112'}, {'screen_name': 'deazkbl_', 'name': 'Deaz ğŸ¬', 'id': '879763572255019009'}]",,,,
1416547971131400195,1416547713534005251,2021-07-18 01:58:49 CEST,2021-07-18,01:58:49,+0200,1244600981058453506,tuheteritofav,aleex â™“ï¸ğŸ¤,,"@_juaan23_ yo si, comienza a creer en ti mismo y a hacer lo que te salga d los huevos y las oportunidades van a venir solas",es,[],[],[],0,0,0,[],[],https://twitter.com/tuheteritofav/status/1416547971131400195,False,,0,,Barcelona,,,,,,"[{'screen_name': '_juaan23_', 'name': 'ğŸƒ', 'id': '1332473072071413761'}]",,,,
1416547956115877891,1416539326436020226,2021-07-18 01:58:45 CEST,2021-07-18,01:58:45,+0200,1016211085370720257,lo_presiento,mars ğŸ¦‚,,@houseofbones supongo prq bad gyal tmb ha ido,es,[],[],[],0,0,0,[],[],https://twitter.com/lo_presiento/status/1416547956115877891,False,,0,,Barcelona,,,,,,"[{'screen_name': 'houseofbones', 'name': 'MissAligned ğŸŒ·ğŸ¦‰', 'id': '78672239'}]",,,,
1416547955054714880,1416547955054714880,2021-07-18 01:58:45 CEST,2021-07-18,01:58:45,+0200,1109265973448724480,tiina_puleo,ValentinağŸŒ¸,,Estoy entre quedarme durmiendo maÃ±ana todo el dÃ­a o irme sola a la playa y hacer topless,es,[],[],[],1,0,1,[],[],https://twitter.com/tiina_puleo/status/1416547955054714880,False,,0,,Barcelona,,,,,,[],,,,
1416547952332574723,1416547952332574723,2021-07-18 01:58:44 CEST,2021-07-18,01:58:44,+0200,447008260,julteon_,ğŸ¥¸,,hoy le han dado un premio a mi madre y a mi padre x su negocio en la hostelerÃ­a q encima hace unos aÃ±os gestiona todo mi madre y solo mencionan a mi padre wow  https://t.co/JneK4WcprH,es,[],[],['https://pbs.twimg.com/media/E6iW2jTXoAEu39o.jpg'],1,0,8,[],[],https://twitter.com/julteon_/status/1416547952332574723,False,,1,https://pbs.twimg.com/media/E6iW2jTXoAEu39o.jpg,Barcelona,,,,,,[],,,,
1416547949941768195,1416517404159578119,2021-07-18 01:58:44 CEST,2021-07-18,01:58:44,+0200,3029579913,sereuengolits,fwmg,,@jabripedraza L'amic de'n Garfield,fr,[],[],[],0,0,1,[],[],https://twitter.com/SereuEngolits/status/1416547949941768195,False,,0,,Barcelona,,,,,,"[{'screen_name': 'jabripedraza', 'name': 'joseğŸ´', 'id': '3017414290'}]",,,,
1416547949388214278,1416452649554173952,2021-07-18 01:58:43 CEST,2021-07-18,01:58:43,+0200,557552345,dreamingcid,Sara,,@cansinoroyal Paga con la maquinita esa toda tu casa si hay cojones .,es,[],[],[],0,0,1,[],[],https://twitter.com/dreamingCid/status/1416547949388214278,False,,0,,Barcelona,,,,,,"[{'screen_name': 'cansinoroyal', 'name': 'Cansino Royal', 'id': '2182991568'}]",,,,
1416547947416854528,1416547947416854528,2021-07-18 01:58:43 CEST,2021-07-18,01:58:43,+0200,2658975882,jorge18994756,Jorge Gallardo,,CinematogrÃ¡ficamente hablando estÃ¡ resultando un fin de semana bastante lamentable. #SerPadre #ElHombreAgua #CiudadDeAsesinos  https://t.co/T7wVojPHOY,es,[],[],"['https://pbs.twimg.com/media/E6iW2DdXMAEpIjN.jpg', 'https://pbs.twimg.com/media/E6iW2DeXIAAO2ov.jpg', 'https://pbs.twimg.com/media/E6iW2DcWYAQ_uXT.jpg']",0,0,1,"['serpadre', 'elhombreagua', 'ciudaddeasesinos']",[],https://twitter.com/Jorge18994756/status/1416547947416854528,False,,1,https://pbs.twimg.com/media/E6iW2DdXMAEpIjN.jpg,Barcelona,,,,,,[],,,,
1416547926210457607,1416544851848482816,2021-07-18 01:58:38 CEST,2021-07-18,01:58:38,+0200,783074265813975040,teapotpuppy,AnnağŸŒºâœ¨available for work!!,,@CitrusFoam ğŸŒ¿âš¾ï¸ğŸ•,und,[],[],[],0,0,1,[],[],https://twitter.com/teapotpuppy/status/1416547926210457607,False,,0,,Barcelona,,,,,,"[{'screen_name': 'CitrusFoam', 'name': 'Jestenia SoutherlandğŸŒ±', 'id': '3303005782'}]",,,,
1416547925833011210,1416547853774770176,2021-07-18 01:58:38 CEST,2021-07-18,01:58:38,+0200,3040694001,akasalommm,Spiritual Hoe ğŸŒŸğŸ§šğŸ»â€â™€ï¸ğŸª,,To lo q ha pasado en este tiempo (???????????????),es,[],[],[],0,0,0,[],[],https://twitter.com/akasalommm/status/1416547925833011210,False,,0,,Barcelona,,,,,,[],,,,
1416547925161881602,1416547925161881602,2021-07-18 01:58:38 CEST,2021-07-18,01:58:38,+0200,53083532,adii_10,Mrs.Torres,,Costa Brava y ellas ğŸ’›,es,[],[],[],0,0,2,[],[],https://twitter.com/adii_10/status/1416547925161881602,False,https://twitter.com/cassixpeia7/status/1416522771086127106,0,,Barcelona,,,,,,[],,,,
1416547923215663104,1416540555413233672,2021-07-18 01:58:37 CEST,2021-07-18,01:58:37,+0200,791524813,imlauradrama,ğ“’ğ“¸ğ“·ğ“›ğ“­ğ“®ğ“›ğ“¸ğ“¬ğ“¾ğ“»ğ“ª,,@illokse 0ğŸ˜,und,[],[],[],1,0,1,[],[],https://twitter.com/ImLauraDrama/status/1416547923215663104,False,,0,,Barcelona,,,,,,"[{'screen_name': 'illokse', 'name': 'KathğŸ¦‹', 'id': '623151538'}]",,,,
1416547919348568066,1416547258837917706,2021-07-18 01:58:36 CEST,2021-07-18,01:58:36,+0200,2550061528,alfonsohvs,Alfonso Vargas,,@SoyMarijoou No lo sÃ© rick,es,[],[],[],2,0,0,[],[],https://twitter.com/alfonsohvs/status/1416547919348568066,False,,0,,Barcelona,,,,,,"[{'screen_name': 'SoyMarijoou', 'name': 'ğŸŒ»~Alessandro~ğŸŒ»', 'id': '142413697'}]",,,,
1416547903049322497,1416547903049322497,2021-07-18 01:58:32 CEST,2021-07-18,01:58:32,+0200,2852075694,19clincher,ã¾ã•ãã,,ä¸ŠåŸãŒå‡ºã‚‹ã‹ã‚‰ã‚µãƒ³ãƒ‡ãƒ¼ãƒ¢ãƒ¼ãƒ‹ãƒ³ã‚°ã¿ã‚‹,ja,[],[],[],0,0,0,[],[],https://twitter.com/19clincher/status/1416547903049322497,False,,0,,Barcelona,,,,,,[],,,,
1416547891863302146,1416547891863302146,2021-07-18 01:58:30 CEST,2021-07-18,01:58:30,+0200,1372156678561533956,paulxheda98,Paula,,"por muchas crÃ­ticas que tenga se merece totalmente todo lo bueno que le estÃ© pasando a diferencia de otros artistas se lo ha currado muchÃ­simo desde que empezÃ³, y no ha parado de hacerlo, para mÃ­ merece todo el reconocimiento y respeto del mundo solo por eso",es,[],[],[],1,0,1,[],[],https://twitter.com/Paulxheda98/status/1416547891863302146,False,https://twitter.com/alvaroxcobo/status/1416496292281323522,0,,Barcelona,,,,,,[],,,,
1416547886687469570,1416547641375305732,2021-07-18 01:58:29 CEST,2021-07-18,01:58:29,+0200,1344709761586126856,edithclown,Edith ğŸ’œ,,@carmenadoresaxo Me ofrezco como afrenda,es,[],[],[],1,0,1,[],[],https://twitter.com/Edithclown/status/1416547886687469570,False,,0,,Barcelona,,,,,,"[{'screen_name': 'carmenadoresaxo', 'name': 'carmen ãƒ„', 'id': '861154827656732672'}]",,,,
1416547881968971786,1416547881968971786,2021-07-18 01:58:27 CEST,2021-07-18,01:58:27,+0200,1016211085370720257,lo_presiento,mars ğŸ¦‚,,yo-,und,[],[],[],0,0,1,[],[],https://twitter.com/lo_presiento/status/1416547881968971786,False,https://twitter.com/ogrelia/status/1416545488615182338,0,,Barcelona,,,,,,[],,,,
1416547881213902851,1416546257993146373,2021-07-18 01:58:27 CEST,2021-07-18,01:58:27,+0200,2161598581,elsuareezz,ğŸ‡ªğŸ‡¸ğŸ‡²ğŸ‡¦ | ğ’®ğ“Šğ’¶ğ“‡ğ‘’ğ“,,@mnho22 â¤ï¸â¤ï¸ğŸ¥°ğŸ¥°ğŸ¥°,und,[],[],[],0,0,1,[],[],https://twitter.com/ElSuAreezZ/status/1416547881213902851,False,,0,,Barcelona,,,,,,"[{'screen_name': 'mnho22', 'name': 'Ù‹', 'id': '1415665937311805446'}]",,,,
1416547878890311685,1416491806053871616,2021-07-18 01:58:27 CEST,2021-07-18,01:58:27,+0200,334171435,codeck_dj,Codeck Official,,@Polyccio8 @gerardromero Es el Tottenham!!!,pt,[],[],[],0,0,0,[],[],https://twitter.com/Codeck_dj/status/1416547878890311685,False,,0,,Barcelona,,,,,,"[{'screen_name': 'Polyccio8', 'name': 'Pol Alonso ğŸ™âš½', 'id': '1395196116'}, {'screen_name': 'gerardromero', 'name': 'Gerard Romero', 'id': '106797159'}]",,,,
1416547878395383832,1416545598090760207,2021-07-18 01:58:27 CEST,2021-07-18,01:58:27,+0200,1335280193431363584,peterpi0,dePEREssed,,"@agumonsv La pones con el culo de la botella dentro de la zapatilla (pegada a la suela), golpes secos poco a poco contra la pared y apaÃ±ao",es,[],[],[],0,0,0,[],[],https://twitter.com/PeterPi0/status/1416547878395383832,False,,0,,Barcelona,,,,,,"[{'screen_name': 'agumonsv', 'name': 'agumÃ³n digivolves a', 'id': '303520881'}]",,,,
1416547868979220483,1416547868979220483,2021-07-18 01:58:24 CEST,2021-07-18,01:58:24,+0200,1063925809415622658,koongchan_,SnowlyË¢áµá¶»â„ MÂª fan acc.ğŸ’ HYUNJULY ğŸ€astro cbğŸ’,,"Mira necesito, es que jo, es un amor de persona y lo adoroğŸ¥º",es,[],[],[],1,0,1,[],[],https://twitter.com/koongchan_/status/1416547868979220483,False,https://twitter.com/ArosesforTae/status/1416545490074734599,0,,Barcelona,,,,,,[],,,,
1416547865640546304,1416547865640546304,2021-07-18 01:58:24 CEST,2021-07-18,01:58:24,+0200,975345039068090368,anderso43255707,Anderson.,,JÃ¡ falei cancelem essa porcaria de sÃ³cio torcedor! Esse @Botafogo Ã© vergonhoso.,pt,"[{'screen_name': 'botafogo', 'name': 'botafogo f.r.', 'id': '69588362'}]",[],[],0,0,1,[],[],https://twitter.com/Anderso43255707/status/1416547865640546304,False,,0,,Barcelona,,,,,,[],,,,
1416547865112027146,1416547744529911811,2021-07-18 01:58:23 CEST,2021-07-18,01:58:23,+0200,1326983102514782213,joanaaa__18,JoanağŸ’«,,@aaitaanaa_16 ğŸ¥ºğŸ¥ºâ¤,und,[],[],[],0,0,1,[],[],https://twitter.com/Joanaaa__18/status/1416547865112027146,False,,0,,Barcelona,,,,,,"[{'screen_name': 'aaitaanaa_16', 'name': 'aitana', 'id': '1267766825556815873'}]",,,,
1416547859483267073,1416547696765292544,2021-07-18 01:58:22 CEST,2021-07-18,01:58:22,+0200,1324433799267127297,fallingxtomlins,doarda,,@Corinthians @NeoQuimicaArena @Brasileirao  https://t.co/6YBlcKIjIr,und,[],[],['https://pbs.twimg.com/media/E6iWxVvX0AMMuqU.jpg'],0,0,0,[],[],https://twitter.com/fallingxtomlins/status/1416547859483267073,False,,1,https://pbs.twimg.com/media/E6iWxVvX0AMMuqU.jpg,Barcelona,,,,,,"[{'screen_name': 'Corinthians', 'name': 'Corinthians', 'id': '44627459'}, {'screen_name': 'NeoQuimicaArena', 'name': 'Neo QuÃ­mica Arena', 'id': '2692974816'}]",,,,
1416547853774770176,1416547853774770176,2021-07-18 01:58:21 CEST,2021-07-18,01:58:21,+0200,3040694001,akasalommm,Spiritual Hoe ğŸŒŸğŸ§šğŸ»â€â™€ï¸ğŸª,,Un puto aÃ±o ha pasado desd q me teÃ±Ã­ y me quitÃ© el naranja del peloğŸ˜­ğŸ˜­ğŸ˜­,es,[],[],[],1,0,2,[],[],https://twitter.com/akasalommm/status/1416547853774770176,False,,0,,Barcelona,,,,,,[],,,,
1416547827115696134,1416547827115696134,2021-07-18 01:58:14 CEST,2021-07-18,01:58:14,+0200,1318908757,barcelsanchaek,BarcelSanchaek,,ì—¬í–‰ê°€ì´ë“œì˜ ë„ì›€ì„ ë°›ê³  ì‹¶ì€ë° ì˜ˆì•½ë¬¸ì˜ ì ˆì°¨ê°€ ë„ˆë¬´ ë³µì¡í•´ì„œ ë¶ˆí¸í•˜ì…¨ë‚˜ìš”? ë°”ë¥´ì…€ë¡œë‚˜ ì‚°ì±…ì€ íŠ¸ë Œë“œì— ë§ê²Œ ì‹¤ì‹œê°„ ì¹´í†¡ì„ ìš´ì˜í•˜ê³  ìˆìŠµë‹ˆë‹¤. ì–¸ì œ ì–´ë””ì„œë‚˜ ì§€ê¸ˆ ì¹´í†¡ìœ¼ë¡œ ë¬¸ì˜í•´ì£¼ì„¸ìš”! :) ì¹´ì¹´ì˜¤í†¡ID: danielbcn,ko,[],[],[],0,0,0,[],[],https://twitter.com/BarcelSanchaek/status/1416547827115696134,False,,0,,Barcelona,,,,,,[],,,,
1416547826658643973,1416437442421436420,2021-07-18 01:58:14 CEST,2021-07-18,01:58:14,+0200,918162163281391617,mjeednass,M J EE D,,@FranMur10 @ZEZO_CARTOONS ğŸ˜­ğŸ˜­ğŸ˜­ğŸ˜­ğŸ˜­ğŸ˜­,und,[],[],[],0,0,0,[],[],https://twitter.com/mjeedNASS/status/1416547826658643973,False,,0,,Barcelona,,,,,,"[{'screen_name': 'FranMur10', 'name': 'M U S T A F A ğŸ‡®ğŸ‡¹', 'id': '962681527988576256'}, {'screen_name': 'ZEZO_CARTOONS', 'name': 'ZEZO CARTOONS', 'id': '1402566253'}]",,,,
1416547814168047621,1416547814168047621,2021-07-18 01:58:11 CEST,2021-07-18,01:58:11,+0200,1020333833051361282,remeiisabel,Remeiisabel,,"Molts q no varen escoltar el que deia en campanya, hi no la varau votar. No saveu el que us varau perdrÃ . ğŸ˜œğŸ’ªğŸ’ªğŸ’ª",ca,[],[],[],0,0,0,[],[],https://twitter.com/remeiisabel/status/1416547814168047621,False,https://twitter.com/LauraBorras/status/1416462067511570441,0,,Barcelona,,,,,,[],,,,
1416547814113521667,1416547814113521667,2021-07-18 01:58:11 CEST,2021-07-18,01:58:11,+0200,224717673,imnotfineatall,big girls don't cry,,1:58,und,[],[],[],0,0,0,[],[],https://twitter.com/imnotfineatall/status/1416547814113521667,False,,0,,Barcelona,,,,,,[],,,,
1416547813362737160,1416545575814799363,2021-07-18 01:58:11 CEST,2021-07-18,01:58:11,+0200,1191939756109815809,kapfcb,kapâš¡,,@kunsitoFCB__ XD,und,[],[],[],0,0,0,[],[],https://twitter.com/KapFcb/status/1416547813362737160,False,,0,,Barcelona,,,,,,"[{'screen_name': 'kunsitoFCB__', 'name': 'ğ•°ğ–‰ğ–š ğ•®ğ–šğ–‘ğ–ŠÌ', 'id': '1394365653407178763'}]",,,,
1416547812075003906,1416517124311457794,2021-07-18 01:58:11 CEST,2021-07-18,01:58:11,+0200,791524813,imlauradrama,ğ“’ğ“¸ğ“·ğ“›ğ“­ğ“®ğ“›ğ“¸ğ“¬ğ“¾ğ“»ğ“ª,,@DaniiPntr GÃ©minis 5ğŸ˜ğŸ˜,fr,[],[],[],1,0,1,[],[],https://twitter.com/ImLauraDrama/status/1416547812075003906,False,,0,,Barcelona,,,,,,"[{'screen_name': 'DaniiPntr', 'name': 'DanÃ¯elğŸ’™', 'id': '522622333'}]",,,,
1416547806433746947,1416547806433746947,2021-07-18 01:58:09 CEST,2021-07-18,01:58:09,+0200,1403116873626144769,maactivist,Jukebox,,I will volunteer for a triangle,en,[],[],[],0,0,1,[],[],https://twitter.com/MAactivist/status/1416547806433746947,False,https://twitter.com/lianajojua/status/1416514403164467202,0,,Barcelona,,,,,,[],,,,
1416547803866742789,1416547803866742789,2021-07-18 01:58:09 CEST,2021-07-18,01:58:09,+0200,3056618512,ferrerabcn,Antonio Ferrera Ojeda ğŸ™,,ğŸ’œğŸ¤—ğŸ’• #APOYOROCIO18J  https://t.co/vyTIqpuh8R,und,[],[],['https://pbs.twimg.com/media/E6iWuDEXMAMXWGj.jpg'],0,2,5,['apoyorocio18j'],[],https://twitter.com/ferrerabcn/status/1416547803866742789,False,,1,https://pbs.twimg.com/media/E6iWuDEXMAMXWGj.jpg,Barcelona,,,,,,[],,,,
1416547803841630217,1416547803841630217,2021-07-18 01:58:09 CEST,2021-07-18,01:58:09,+0200,1324433799267127297,fallingxtomlins,doarda,,vontade de me m,pt,[],[],[],0,0,0,[],[],https://twitter.com/fallingxtomlins/status/1416547803841630217,False,,0,,Barcelona,,,,,,[],,,,
1416547794836353024,1416547794836353024,2021-07-18 01:58:07 CEST,2021-07-18,01:58:07,+0200,67795583,djdelivery,Jonathan MartÃ­nez,,Setlist revealed for next week's Classic Ibiza at Bowood House - The Wiltshire Gazette and Herald  https://t.co/VNNdtpe5f4,en,[],['http://dlvr.it/S3xB2l'],[],0,0,0,[],[],https://twitter.com/djdelivery/status/1416547794836353024,False,,0,,Barcelona,,,,,,[],,,,
1416547793594945540,1416499800359329792,2021-07-18 01:58:06 CEST,2021-07-18,01:58:06,+0200,2531832161,ibeam23,LeftTheUS2.0,,@HiraethResists Please do.,en,[],[],[],0,0,1,[],[],https://twitter.com/ibeam23/status/1416547793594945540,False,,0,,Barcelona,,,,,,"[{'screen_name': 'HiraethResists', 'name': 'RuralLiberal', 'id': '1164209391547011073'}]",,,,
1416547787022405634,1416144218565795846,2021-07-18 01:58:05 CEST,2021-07-18,01:58:05,+0200,2339113611,tabarnesandaluz,TabarnÃ©sandaluz,,"@omar_salcedo169 @pericaenfadica TÃº quÃ© vas a querer, pedazo de merluzo, si no paras de querer echar a los catalanes por no ser unos fascistas como tÃº...",es,[],[],[],0,0,0,[],[],https://twitter.com/Tabarnesandaluz/status/1416547787022405634,False,,0,,Barcelona,,,,,,"[{'screen_name': 'omar_salcedo169', 'name': 'Omar', 'id': '1188830573130899456'}, {'screen_name': 'pericaenfadica', 'name': 'Perica Enfadica', 'id': '2808456275'}]",,,,
1416547785915068416,1416547785915068416,2021-07-18 01:58:05 CEST,2021-07-18,01:58:05,+0200,67795583,djdelivery,Jonathan MartÃ­nez,,Amber list: 'I'm going to Ibiza by any means necessary' - BBC News  https://t.co/PzpjWd0hcz,en,[],['http://dlvr.it/S3xB0h'],[],0,0,0,[],[],https://twitter.com/djdelivery/status/1416547785915068416,False,,0,,Barcelona,,,,,,[],,,,
1416547781808836608,1416522073283891206,2021-07-18 01:58:04 CEST,2021-07-18,01:58:04,+0200,1245196300322250754,jhoncons10,OEDAT,,@kmolv A gueno ğŸ˜ŠğŸ˜ŠğŸ˜ŠğŸ¥³,es,[],[],[],0,0,1,[],[],https://twitter.com/JhonCons10/status/1416547781808836608,False,,0,,Barcelona,,,,,,"[{'screen_name': 'kmolv', 'name': 'Ôâ‚³ÉŒÆ—â‚¦â‚³ğŸŒœ', 'id': '201424419'}]",,,,
1416547775097884674,1416547775097884674,2021-07-18 01:58:02 CEST,2021-07-18,01:58:02,+0200,67795583,djdelivery,Jonathan MartÃ­nez,,Octan Ibiza unveils new-look roof terrace ahead of Summer opening - Discover Ibiza  https://t.co/DzECmfqNTD,en,[],['http://dlvr.it/S3x9xl'],[],0,0,0,[],[],https://twitter.com/djdelivery/status/1416547775097884674,False,,0,,Barcelona,,,,,,[],,,,
1416547771902054402,1416127042588979200,2021-07-18 01:58:01 CEST,2021-07-18,01:58:01,+0200,3308367021,arnau_t_s,Arnau Torronteras,,"@valenciano_enf @AliciaTsMn2 De hecho, ellos no son raza aria ni nada de eso, seÃ±or. Los catalanes son los mÃ¡s semitas de toda la penÃ­nsula (genes de los pueblos Ã­beros asentados en el Este de EspaÃ±a, tenÃ­an sangre fenicia, a su vez, semÃ­tica). Son realmente los castellanos los mÃ¡s blancos de la penÃ­nsula.",es,[],[],[],1,0,0,[],[],https://twitter.com/arnau_t_s/status/1416547771902054402,False,,0,,Barcelona,,,,,,"[{'screen_name': 'valenciano_enf', 'name': 'valenciano_enfadado', 'id': '1373403956601311232'}, {'screen_name': 'AliciaTsMn2', 'name': 'Alicia', 'id': '1384187770713755658'}]",,,,
1416547766797484036,1416542192773046272,2021-07-18 01:58:00 CEST,2021-07-18,01:58:00,+0200,2313812102,lilpipohd,DoÃ±a Pipetes,,@Daniputocalvo ğŸ‘‰ğŸ‘ˆğŸ˜³ a que esperas...,es,[],[],[],0,0,0,[],[],https://twitter.com/lilpipohd/status/1416547766797484036,False,,0,,Barcelona,,,,,,"[{'screen_name': 'Daniputocalvo', 'name': 'Dani xd', 'id': '999325141254443009'}]",,,,
1416547754034204684,1416547754034204684,2021-07-18 01:57:57 CEST,2021-07-18,01:57:57,+0200,1244683229749293057,itsgfbpa,Ø˜,,pelo amor de deus grÃªmio eu sÃ³ quero UMA vitÃ³ria,pt,[],[],[],0,1,1,[],[],https://twitter.com/itsgfbpa/status/1416547754034204684,False,,0,,Barcelona,,,,,,[],,,,
1416547744529911811,1416547744529911811,2021-07-18 01:57:55 CEST,2021-07-18,01:57:55,+0200,1326983102514782213,joanaaa__18,JoanağŸ’«,,"Aitanaa, te quiero ğŸ¥ºâ¤",es,[],[],[],1,0,3,[],[],https://twitter.com/Joanaaa__18/status/1416547744529911811,False,,0,,Barcelona,,,,,,[],,,,
1416547744454479874,1416372117235437570,2021-07-18 01:57:55 CEST,2021-07-18,01:57:55,+0200,2444968877,correodelgado,Jacinto DelgadoğŸ˜·ğŸ–¤ğŸ‡ªğŸ‡¸ğŸ’š,,"@Alvisepf @Newtral @PSOE Por fin. Toda esa caterva de periolistos amamantados por el Gobierno y sus acÃ³litos, deben pasar por el banquillo por mentir y manipular a la poblaciÃ³n.",es,[],[],[],0,0,0,[],[],https://twitter.com/CorreoDelgado/status/1416547744454479874,False,,0,,Barcelona,,,,,,"[{'screen_name': 'Alvisepf', 'name': 'Alvise PÃ©rez', 'id': '262822127'}, {'screen_name': 'Newtral', 'name': 'Newtral', 'id': '912745614823317504'}, {'screen_name': 'PSOE', 'name': 'PSOE', 'id': '50982086'}]",,,,
1416547743871479808,1416547743871479808,2021-07-18 01:57:54 CEST,2021-07-18,01:57:54,+0200,1414330025541881858,yabistitty,nabi,,buti pa yung kalungkutan kinakain ako (2),tl,[],[],[],0,0,3,[],[],https://twitter.com/yabistitty/status/1416547743871479808,False,,0,,Barcelona,,,,,,[],,,,
1416547739333234690,1416522411651043330,2021-07-18 01:57:53 CEST,2021-07-18,01:57:53,+0200,1407357380350914574,mismaotravez1,mismaotravez,,"@Belisa82754991 @BCNTabarnia Que pesados son, que nos dejen en paz si a nosotros nos gusta descojonarnos en su cara sin bloquear.",es,[],[],[],0,0,1,[],[],https://twitter.com/mismaotravez1/status/1416547739333234690,False,,0,,Barcelona,,,,,,"[{'screen_name': 'Belisa82754991', 'name': 'Isabel ğŸ‡ªğŸ‡¸', 'id': '1347437827936706560'}, {'screen_name': 'BCNTabarnia', 'name': 'TabarniaResucitado', 'id': '1358860356'}]",,,,
1416547734828556289,1416545416598933504,2021-07-18 01:57:52 CEST,2021-07-18,01:57:52,+0200,114869952,srtapanda94,EyreğŸ¼,,"@rapqiuvshine manzana, lo apunto en uno de posibles jajaja ğŸ¤",es,[],[],[],0,0,1,[],[],https://twitter.com/srtapanda94/status/1416547734828556289,False,,0,,Barcelona,,,,,,"[{'screen_name': 'rapqiuvshine', 'name': 'ely ğŸœ²', 'id': '1267263664668762117'}]",,,,
1416547732911796227,1416547732911796227,2021-07-18 01:57:52 CEST,2021-07-18,01:57:52,+0200,1198645568488329223,aiinhoagraanada,AinhoağŸ–¤,,Que te llamen bombÃ³n/morena&gt;&gt;&gt;&gt;&gt;&gt;&gt;,es,[],[],[],0,0,1,[],[],https://twitter.com/aiinhoagraanada/status/1416547732911796227,False,,0,,Barcelona,,,,,,[],,,,
1416547729296211978,1416547626263236614,2021-07-18 01:57:51 CEST,2021-07-18,01:57:51,+0200,1128552260286414848,raaulfn,LFT Raaul,,@Maaloz14 puauaajajajjajajajjajajsdihvcsjvhajkvabd,es,[],[],[],0,0,0,[],[],https://twitter.com/RaaulFN/status/1416547729296211978,False,,0,,Barcelona,,,,,,"[{'screen_name': 'Maaloz14', 'name': 'Maloz', 'id': '1070509999783337984'}]",,,,
1416547728012857346,1416547728012857346,2021-07-18 01:57:51 CEST,2021-07-18,01:57:51,+0200,1036293218235768833,mmaaariioo,susi,,puta no te aguanto,es,[],[],[],0,0,0,[],[],https://twitter.com/mmaaariioo/status/1416547728012857346,False,,0,,Barcelona,,,,,,[],,,,
1416547723810070536,1416547723810070536,2021-07-18 01:57:50 CEST,2021-07-18,01:57:50,+0200,1195802704972521476,l5iijl,Ø®Ø§Ù„Ø¯,,Ù…Ø¨Ø§Ø±Ùƒ Ø¨Ù† Ø¶ÙŠØ¯Ø§Ù† ØºØ§Ø²ÙŠ Ø§Ù„Ø³Ù‡Ù„ÙŠ :,ar,[],[],[],0,0,0,[],[],https://twitter.com/l5iijl/status/1416547723810070536,False,https://twitter.com/Alhilal_FC/status/1416505035635183616,0,,Barcelona,,,,,,[],,,,
1416547723445145607,1416547723445145607,2021-07-18 01:57:50 CEST,2021-07-18,01:57:50,+0200,938106703,nerea_rios,Nerea Rios,,Pensar que en 12 dÃ­as veo a @pabloalboran y encima el mismo dÃ­a de mi cumple...es un sueÃ±o! ğŸ’š,es,"[{'screen_name': 'pabloalboran', 'name': 'pablo alborÃ¡n', 'id': '119776110'}]",[],[],0,0,0,[],[],https://twitter.com/nerea_rios/status/1416547723445145607,False,,0,,Barcelona,,,,,,[],,,,
1416547719431213075,1416526925485559809,2021-07-18 01:57:49 CEST,2021-07-18,01:57:49,+0200,1292432584408956929,alexiiasoriiano,lexiğŸ·,,@janaafuentees tq,und,[],[],[],0,0,0,[],[],https://twitter.com/alexiiasoriiano/status/1416547719431213075,False,,0,,Barcelona,,,,,,"[{'screen_name': 'janaafuentees', 'name': 'Jana Fuentes', 'id': '995800722741563392'}]",,,,
1416547710824501249,1416547710824501249,2021-07-18 01:57:47 CEST,2021-07-18,01:57:47,+0200,1328070776306733056,eva_m_14,EM_ğŸ’›,,Necesito mÃ¡s dÃ­as como esteğŸ˜©(sin tener que trabajarğŸ™‚ğŸ™ƒ) @DenisseC21  @Sascha029  mis bbisssâ¤ï¸â€ğŸ”¥â¤ï¸â€ğŸ”¥  https://t.co/1NmPJazkL2,es,"[{'screen_name': 'denissec21', 'name': 'nenis ğŸ¼ğŸ¤', 'id': '808346760888418304'}, {'screen_name': 'sascha029', 'name': 'saschağŸ§¸', 'id': '1101501300'}]",[],[],1,1,3,[],[],https://twitter.com/Eva_M_14/status/1416547710824501249,False,,1,https://pbs.twimg.com/ext_tw_video_thumb/1416547679904178177/pu/img/sVkTBMwU_fQnnQSI.jpg,Barcelona,,,,,,[],,,,
1416547710598062081,1416545533951361026,2021-07-18 01:57:47 CEST,2021-07-18,01:57:47,+0200,269323299,rantthird,Charlie Croker,,@Elorenovada ğŸ¿ğŸ­ğŸ”ğŸ•ğŸ·ğŸ¥‚ğŸ¸ğŸ¹â™¥ï¸â™¾ Por ese orden ğŸ¤£,es,[],[],[],1,0,1,[],[],https://twitter.com/RantThird/status/1416547710598062081,False,,0,,Barcelona,,,,,,"[{'screen_name': 'Elorenovada', 'name': 'EloğŸ’ğŸ’šğŸ‡ªğŸ‡¸', 'id': '1262648705443913728'}]",,,,
1416547701307629572,1416442614170234881,2021-07-18 01:57:44 CEST,2021-07-18,01:57:44,+0200,1292432584408956929,alexiiasoriiano,lexiğŸ·,,@Chunguito_ si,und,[],[],[],0,0,0,[],[],https://twitter.com/alexiiasoriiano/status/1416547701307629572,False,,0,,Barcelona,,,,,,"[{'screen_name': 'Chunguito_', 'name': 'ChunguitoğŸğŸ”¥', 'id': '1199807357083168777'}]",,,,
1416547700284219400,1416543898466390018,2021-07-18 01:57:44 CEST,2021-07-18,01:57:44,+0200,1063925809415622658,koongchan_,SnowlyË¢áµá¶»â„ MÂª fan acc.ğŸ’ HYUNJULY ğŸ€astro cbğŸ’,,@chimchimang Es que mira que soy lÃ¡grimas puff,es,[],[],[],1,0,0,[],[],https://twitter.com/koongchan_/status/1416547700284219400,False,,0,,Barcelona,,,,,,"[{'screen_name': 'chimchimang', 'name': 'âµğ‘±ğ’–ğ’ğ’ˆ ğ‘¬ğ’ğ’ğ’‚â· âŸ­âŸ¬ ğŸ£ğŸ¿ğŸ±ğŸ’›', 'id': '450823512'}]",,,,
1416547691895603204,1416463559026954240,2021-07-18 01:57:42 CEST,2021-07-18,01:57:42,+0200,1239913382477692929,versi2009,Vers,,@JOSE_UNEDIANO ..pero hay otros muchos que dan mucho juego..ğŸ˜¢,es,[],[],[],1,0,0,[],[],https://twitter.com/versi2009/status/1416547691895603204,False,,0,,Barcelona,,,,,,"[{'screen_name': 'JOSE_UNEDIANO', 'name': 'Jose_UNEDIANOğŸ–¤ğŸ‡ªğŸ‡¸ğŸ³ï¸\u200dğŸŒˆ Ø®ÙˆØ³ÙŠÙ‡ Ù„ÙˆÙŠØ³', 'id': '4884159376'}]",,,,
1416547684769480704,1416547626263236614,2021-07-18 01:57:40 CEST,2021-07-18,01:57:40,+0200,1117344220036177923,tekiofn,Tekio,,@Maaloz14 JAJAAJAJAJAJAJAJAJAAJAJA,es,[],[],[],0,0,0,[],[],https://twitter.com/TekioFN/status/1416547684769480704,False,,0,,Barcelona,,,,,,"[{'screen_name': 'Maaloz14', 'name': 'Maloz', 'id': '1070509999783337984'}]",,,,
1416547684610105344,1416382180813574149,2021-07-18 01:57:40 CEST,2021-07-18,01:57:40,+0200,404069336,majosevn,Maria JosÃ©,,@CFRJS ğŸ‘ğŸ‘ğŸ‘,und,[],[],[],0,0,0,[],[],https://twitter.com/majosevn/status/1416547684610105344,False,,0,,Barcelona,,,,,,"[{'screen_name': 'CFRJS', 'name': 'mÌ¶aÌ¶dÌ¶rÌ¶eÌ¶eÌ¶pÌ¶sÌ¶tÌ¶aÌ¶tÌ¶eÌ¶-', 'id': '922490440439549953'}]",,,,
1416547681435070464,1416545859739717635,2021-07-18 01:57:40 CEST,2021-07-18,01:57:40,+0200,1191939756109815809,kapfcb,kapâš¡,,@Gabo__RM X2 jsjjsjj despues de toda la plata invertida,es,[],[],[],1,0,0,[],[],https://twitter.com/KapFcb/status/1416547681435070464,False,,0,,Barcelona,,,,,,"[{'screen_name': 'Gabo__RM', 'name': 'Gabo', 'id': '1371297396169261057'}]",,,,
1416547679358832640,1416547679358832640,2021-07-18 01:57:39 CEST,2021-07-18,01:57:39,+0200,2223321488,d4ye0n,MoonkidğŸŒ™,, https://t.co/UyyFyGT1Jg,und,[],[],['https://pbs.twimg.com/media/E6iWmp7X0AEFe9P.png'],0,4,28,[],[],https://twitter.com/d4ye0n/status/1416547679358832640,False,,1,https://pbs.twimg.com/media/E6iWmp7X0AEFe9P.png,Barcelona,,,,,,[],,,,
1416547674027925507,1416520782956617728,2021-07-18 01:57:38 CEST,2021-07-18,01:57:38,+0200,2832826258,2a0d22e7d8dd441,michael,,@AlAhly  https://t.co/e18FlBMyIV,und,[],[],['https://pbs.twimg.com/media/E6iWlvWXMAMBBw-.jpg'],0,0,0,[],[],https://twitter.com/2a0d22e7d8dd441/status/1416547674027925507,False,,1,https://pbs.twimg.com/media/E6iWlvWXMAMBBw-.jpg,Barcelona,,,,,,[],,,,
1416547655287775232,1416400972667105280,2021-07-18 01:57:33 CEST,2021-07-18,01:57:33,+0200,964225109769715712,lluistejedor,LluÃ­s Tejedor Fabregat,,"@gebelque @Nmartinblanco Posar un tuit per dir un acudit tan poc enginyÃ³s dÃ³na idea de la escassa comprensiÃ³ que arrossegues.  El proper cop tria pujar el monument a ColÃ³n a pÃ¨l, igual llavors sÃ­ crides lâ€™atenciÃ³ i evitem les teves poc enginyoses ocurrÃ¨ncies. PD: baixa tb a pÃ¨l, tot suma.",ca,[],[],[],1,0,0,[],[],https://twitter.com/LluisTejedor/status/1416547655287775232,False,,0,,Barcelona,,,,,,"[{'screen_name': 'gebelque', 'name': '(((GermÃ  Bel))) Vida&Econ! Boomer + Tap-Generation', 'id': '189971995'}, {'screen_name': 'Nmartinblanco', 'name': 'Nacho MartÃ­n Blanco', 'id': '852681528'}]",,,,
1416547652892860423,1416545360877600771,2021-07-18 01:57:33 CEST,2021-07-18,01:57:33,+0200,1326983102514782213,joanaaa__18,JoanağŸ’«,,@ort1zzz Gnnâ¤,und,[],[],[],1,0,1,[],[],https://twitter.com/Joanaaa__18/status/1416547652892860423,False,,0,,Barcelona,,,,,,"[{'screen_name': 'ort1zzz', 'name': 'Ortizzâš¡ï¸', 'id': '1349136743539367944'}]",,,,
1416547647813562369,1416523783473614858,2021-07-18 01:57:32 CEST,2021-07-18,01:57:32,+0200,1287439412398305280,goldrshaland,ju!Â¡â¹Â¹,,@arctic7xRM ah le contaba toda la vida,es,[],[],[],2,0,0,[],[],https://twitter.com/goldrshaland/status/1416547647813562369,False,,0,,Barcelona,,,,,,"[{'screen_name': 'arctic7xRM', 'name': 'ğ“¥. ğŸ¤', 'id': '840736843519934471'}]",,,,
1416547646446125058,1416525016598986753,2021-07-18 01:57:31 CEST,2021-07-18,01:57:31,+0200,1088622360700350466,yara_fcb,ÙŠÙ€Íœà¹‹â€Ù€Ù€Ù€Ù€Ù€Ø¢Ø±Ø¢ ğŸ”ŸğŸ‘‘,,@fathiii26 ØªÙÙ‡Ù…,ar,[],[],[],1,0,0,[],[],https://twitter.com/Yara_fcb/status/1416547646446125058,False,,0,,Barcelona,,,,,,"[{'screen_name': 'fathiii26', 'name': 'Robertsonâ„¢ğŸ†', 'id': '983146825929588736'}]",,,,
1416547646177689603,1416476985849786377,2021-07-18 01:57:31 CEST,2021-07-18,01:57:31,+0200,1289148511469162496,sonflowervoi6,sxnia ğŸ§¸,,@mpulillo two friends... they might kiss,en,[],[],[],1,0,0,[],[],https://twitter.com/sonflowervoI6/status/1416547646177689603,False,,0,,Barcelona,,,,,,"[{'screen_name': 'mpulillo', 'name': 'polillağŸ§£', 'id': '561329075'}]",,,,
1416547640330829824,1416543898466390018,2021-07-18 01:57:30 CEST,2021-07-18,01:57:30,+0200,1063925809415622658,koongchan_,SnowlyË¢áµá¶»â„ MÂª fan acc.ğŸ’ HYUNJULY ğŸ€astro cbğŸ’,,@beleeen7_ Y es maravilloso ğŸ˜­ğŸ˜­,es,[],[],[],0,0,0,[],[],https://twitter.com/koongchan_/status/1416547640330829824,False,,0,,Barcelona,,,,,,"[{'screen_name': 'beleeen7_', 'name': 'My time is an EuphoriağŸ¦‹#PTDğŸ•º//Fever2ğŸ§­', 'id': '1075490534850990085'}]",,,,
1416547638921601026,1416542067732459524,2021-07-18 01:57:29 CEST,2021-07-18,01:57:29,+0200,66569933,paulvieira_,Paul Vieira,,@Rvga07 ğŸ¤¡,und,[],[],[],0,0,0,[],[],https://twitter.com/paulvieira_/status/1416547638921601026,False,,0,,Barcelona,,,,,,"[{'screen_name': 'Rvga07', 'name': 'ReichellValentinaâ™¥ğŸ‘¸ğŸ»', 'id': '185381965'}]",,,,
1416547636346294273,1416441446446534656,2021-07-18 01:57:29 CEST,2021-07-18,01:57:29,+0200,294091046,nuria91119,WildCat,,@JospNG Es tan absurdo q seguro q es real! ğŸ¤¦ğŸ»â€â™€ï¸,es,[],[],[],0,0,1,[],[],https://twitter.com/nuria91119/status/1416547636346294273,False,,0,,Barcelona,,,,,,"[{'screen_name': 'JospNG', 'name': 'Josp', 'id': '974367806115467264'}]",,,,
1416547631015284742,1416547202089033728,2021-07-18 01:57:28 CEST,2021-07-18,01:57:28,+0200,1036293218235768833,mmaaariioo,susi,,@tuheteritofav no no ahora por nadie eso fue hace tiempo pero acabo mal la verdad,es,[],[],[],0,0,0,[],[],https://twitter.com/mmaaariioo/status/1416547631015284742,False,,0,,Barcelona,,,,,,"[{'screen_name': 'tuheteritofav', 'name': 'aleex â™“ï¸ğŸ¤', 'id': '1244600981058453506'}]",,,,
1416547628167409688,1416528705611079684,2021-07-18 01:57:27 CEST,2021-07-18,01:57:27,+0200,1379874569633292290,destverdefcb,Fanboy de Rodrigo culÃ©,,@franrm___ Responde antes que te dÃ© una colleja parguela,es,[],[],[],1,0,0,[],[],https://twitter.com/destverdeFCB/status/1416547628167409688,False,,0,,Barcelona,,,,,,"[{'screen_name': 'franrm___', 'name': 'fran', 'id': '1394077424191774723'}]",,,,
1416547628150665216,1416545892576993280,2021-07-18 01:57:27 CEST,2021-07-18,01:57:27,+0200,876172268346519553,kaikifanaccount,New Familiar Tendencies #JankeNation,,@MollyTheGoblin ski mask = ice foreskin its a word,en,[],[],[],0,0,1,[],[],https://twitter.com/kaikifanaccount/status/1416547628150665216,False,,0,,Barcelona,,,,,,"[{'screen_name': 'MollyTheGoblin', 'name': 'Molly', 'id': '823616144808480770'}]",,,,
1416547623188799491,1416547623188799491,2021-07-18 01:57:26 CEST,2021-07-18,01:57:26,+0200,1450202204,el_buen_mike,Mike,,Que ganas de estar en la playa.,es,[],[],[],1,0,1,[],[],https://twitter.com/El_Buen_Mike/status/1416547623188799491,False,,0,,Barcelona,,,,,,[],,,,
1416547620244402183,1416313451681570818,2021-07-18 01:57:25 CEST,2021-07-18,01:57:25,+0200,1176763873652805632,lauuramos8,Lau ramos,,@_leirx ğŸ™„ğŸ™„ğŸ™„ğŸ™„,und,[],[],[],0,0,0,[],[],https://twitter.com/Lauuramos8/status/1416547620244402183,False,,0,,Barcelona,,,,,,"[{'screen_name': '_leirx', 'name': 'Leire Larumbe Sanz', 'id': '1287775090587971584'}]",,,,
1416547613109796864,1416546257993146373,2021-07-18 01:57:23 CEST,2021-07-18,01:57:23,+0200,2161598581,elsuareezz,ğŸ‡ªğŸ‡¸ğŸ‡²ğŸ‡¦ | ğ’®ğ“Šğ’¶ğ“‡ğ‘’ğ“,,@mnho22 AAAAAAAAHHHHHHHHHHHHHHHHH,und,[],[],[],1,0,0,[],[],https://twitter.com/ElSuAreezZ/status/1416547613109796864,False,,0,,Barcelona,,,,,,"[{'screen_name': 'mnho22', 'name': 'Ù‹', 'id': '1415665937311805446'}]",,,,
1416547605056790530,1416523783473614858,2021-07-18 01:57:21 CEST,2021-07-18,01:57:21,+0200,1287439412398305280,goldrshaland,ju!Â¡â¹Â¹,,"@arctic7xRM lo peor de todo fue que todo esto fue en el 2016, aka el peor aÃ±o de todos para taylor, si de por si todo el mundo estaba contra ella, calvin saliÃ³ a tirarle mil tweets re???  https://t.co/z3ciJ7Mwoz",es,[],[],['https://pbs.twimg.com/media/E6iWii0XIAIMPuw.jpg'],1,0,0,[],[],https://twitter.com/goldrshaland/status/1416547605056790530,False,,1,https://pbs.twimg.com/media/E6iWii0XIAIMPuw.jpg,Barcelona,,,,,,"[{'screen_name': 'arctic7xRM', 'name': 'ğ“¥. ğŸ¤', 'id': '840736843519934471'}]",,,,
1416547596261265408,1416451071938109442,2021-07-18 01:57:19 CEST,2021-07-18,01:57:19,+0200,568919180,cullom8n,Lifty Dog,,@loopooYT @Ulmenn8yp,und,"[{'screen_name': 'ulmenn8yp', 'name': 'tim grief', 'id': '569006079'}]",[],[],0,0,0,[],[],https://twitter.com/Cullom8n/status/1416547596261265408,False,,0,,Barcelona,,,,,,"[{'screen_name': 'loopooYT', 'name': 'LOOPOO', 'id': '4031901555'}]",,,,
1416547592431886342,1416540340312543233,2021-07-18 01:57:18 CEST,2021-07-18,01:57:18,+0200,1326983102514782213,joanaaa__18,JoanağŸ’«,,@aaitaanaa_16 Buenas noches te amooğŸ¥ºâ¤,es,[],[],[],1,0,1,[],[],https://twitter.com/Joanaaa__18/status/1416547592431886342,False,,0,,Barcelona,,,,,,"[{'screen_name': 'aaitaanaa_16', 'name': 'aitana', 'id': '1267766825556815873'}]",,,,
1416547590515007489,1416388604469944324,2021-07-18 01:57:18 CEST,2021-07-18,01:57:18,+0200,1024472708,ronaldinho_2000,Charl's,,@_Futbolero_ Prefieres Seguir viendo como hacen tiempo los. Porteros jajaja,es,[],[],[],0,0,0,[],[],https://twitter.com/Ronaldinho_2000/status/1416547590515007489,False,,0,,Barcelona,,,,,,"[{'screen_name': '_Futbolero_', 'name': '-1899- FCBarcelona', 'id': '167604665'}]",,,,
1416547583074439169,1416547583074439169,2021-07-18 01:57:16 CEST,2021-07-18,01:57:16,+0200,81081065,cronicaglobal,CrÃ³nica Global,,"Al igual que denunciÃ³ Milan Kundera en su obra mÃ¡s reconocida, en EspaÃ±a tambiÃ©n se difunden pÃºblicamente conversaciones privadas impunemente VÃ­a @cronicaglobal  https://t.co/e7iE8O9laY",es,"[{'screen_name': 'cronicaglobal', 'name': 'crÃ³nica global', 'id': '81081065'}]",['https://bit.ly/2VL3r46'],[],0,1,1,[],[],https://twitter.com/cronicaglobal/status/1416547583074439169,False,,0,,Barcelona,,,,,,[],,,,
1416547574773919744,1416547574773919744,2021-07-18 01:57:14 CEST,2021-07-18,01:57:14,+0200,417290930,cristinabowie,ãƒ”ãƒ¼ãƒå§«,,Me ha salido la Reina del Brillo en AliExpress ????  https://t.co/krsNc6JU4z,es,[],[],['https://pbs.twimg.com/media/E6iWgUHXEAEGjOl.jpg'],0,0,0,[],[],https://twitter.com/cristinabowie/status/1416547574773919744,False,,1,https://pbs.twimg.com/media/E6iWgUHXEAEGjOl.jpg,Barcelona,,,,,,[],,,,
1416547570474700809,1416546709744795657,2021-07-18 01:57:13 CEST,2021-07-18,01:57:13,+0200,4738330132,6ua3_,"""Mishary""",,@WHATTF_10 ÙˆØ§Ù„Ù„Ù‡ Ø·ÙˆÙ„ Ø°ÙŠ Ø§Ù„Ù…Ø±Ù‡ Ù…Ø§Ù†Ø²Ù„,ar,[],[],[],0,0,0,[],[],https://twitter.com/6ua3_/status/1416547570474700809,False,,0,,Barcelona,,,,,,"[{'screen_name': 'WHATTF_10', 'name': 'Rio #AH9 !', 'id': '805828243374874625'}]",,,,
1416547570260877313,1415700839696588804,2021-07-18 01:57:13 CEST,2021-07-18,01:57:13,+0200,412398862,davictuscat,David FernÃ ndez,,"@BlackHawkAssalt @AriaBaye @CarlesSantacruz @cfustepe @Carlaleta @assemblea @ArnauPadro @epaluzie Doncs deixa de queixar-te d'una puta vegada dels altres i surt al carrer a fer allÃ² que tu creus que s'ha de fer. Els que estem CADA DIA pencant per intentar fer alguna cosa amb sentit per la indy estem fins els collons de gent que no para de queixar-se de tot, perÃ² no fa res",ca,[],[],[],0,0,0,[],[],https://twitter.com/DavictusCat/status/1416547570260877313,False,,0,,Barcelona,,,,,,"[{'screen_name': 'BlackHawkAssalt', 'name': 'Christian.', 'id': '2334686104'}, {'screen_name': 'AriaBaye', 'name': 'AriÃ  BayÃ©', 'id': '150015078'}, {'screen_name': 'CarlesSantacruz', 'name': 'Carles Santacruz', 'id': '373409437'}, {'screen_name': 'cfustepe', 'name': 'Cunsep ğŸ—ğŸ—', 'id': '2406092853'}, {'screen_name': 'Carlaleta', 'name': 'Carla Soler i PairÃ³', 'id': '398211885'}, {'screen_name': 'assemblea', 'name': 'Assemblea Nacional Catalana', 'id': '256025198'}, {'screen_name': 'ArnauPadro', 'name': 'Arnau PadrÃ³ ||*|| 52% ||*||', 'id': '277401057'}, {'screen_name': 'epaluzie', 'name': 'Elisenda Paluzie', 'id': '204004194'}]",,,,
1416547568377552901,1416547568377552901,2021-07-18 01:57:13 CEST,2021-07-18,01:57:13,+0200,240861824,laars15,Bad Wolf,,Me he resfriado por culpa del aire ğŸ§â€â™€ï¸,es,[],[],[],0,0,0,[],[],https://twitter.com/laars15/status/1416547568377552901,False,,0,,Barcelona,,,,,,[],,,,
1416547564938309637,1416547564938309637,2021-07-18 01:57:12 CEST,2021-07-18,01:57:12,+0200,1069508536953126912,pollazoenlanuca,indiferensia,,Soy un gran letrista amoroso jejejejje,es,[],[],[],1,0,0,[],[],https://twitter.com/pollazoenlanuca/status/1416547564938309637,False,,0,,Barcelona,,,,,,[],,,,
1416547562199437313,1416513326171963401,2021-07-18 01:57:11 CEST,2021-07-18,01:57:11,+0200,1063925809415622658,koongchan_,SnowlyË¢áµá¶»â„ MÂª fan acc.ğŸ’ HYUNJULY ğŸ€astro cbğŸ’,,"@SanYoonTae Por como eres, eres sÃºper tierna y me transmites mucha bondad y paz joğŸ’– Por mÃ­ encantada JooğŸ’– Ay como si me molestara jdkdkdkd tÃº tienes vÃ­a libre joğŸ’– NI QUE FUERA TANTO BOBA, SOLO ME SACAS 3 AÃ‘OS JZKZKZK",es,[],[],[],1,0,1,[],[],https://twitter.com/koongchan_/status/1416547562199437313,False,,0,,Barcelona,,,,,,"[{'screen_name': 'SanYoonTae', 'name': 'â…ëˆˆâ… ~ Ë¢áµƒâ¿', 'id': '1101186747235475459'}]",,,,
1416547559645097987,1416283411816267777,2021-07-18 01:57:11 CEST,2021-07-18,01:57:11,+0200,2177888071,aalamanah,samirif âµ™â´°âµâµ‰âµ”âµ‰â´¼,,@cj2PfsTjcQMw9IK Ø§Ù„ÙˆØ§Ù‚Ø¹ Ø§Ù„Ù…Ø±,ar,[],[],[],0,0,0,[],[],https://twitter.com/AAlamanah/status/1416547559645097987,False,,0,,Barcelona,,,,,,"[{'screen_name': 'cj2PfsTjcQMw9IK', 'name': 'ÙƒØ±ÙƒÙŠÙ‡ Ø§Ø±Ø¯Ù†ÙŠÙ‡', 'id': '1323299982762516481'}]",,,,
1416547558785179651,1416546641507717121,2021-07-18 01:57:10 CEST,2021-07-18,01:57:10,+0200,1298025635072241664,poolpiicaart17,polpicart ğŸ¥·ğŸ½,,@beiichuu_16 @iratipons ğŸ¥·ğŸ½,und,[],[],[],0,0,0,[],[],https://twitter.com/poolpiicaart17/status/1416547558785179651,False,,0,,Barcelona,,,,,,"[{'screen_name': 'beiichuu_16', 'name': 'beichu veraniega ğŸŒ´ğŸ™ğŸŒŠ', 'id': '885301588872638466'}, {'screen_name': 'iratipons', 'name': 'irati ğŸ¤¡', 'id': '1185668087523303424'}]",,,,
1416547558646763522,1416547558646763522,2021-07-18 01:57:10 CEST,2021-07-18,01:57:10,+0200,1064937335614308352,biichiitx23,Diana H. â· ğŸ”ï¸â™¡,,"Como lo disfruta Woosan, son maravillosos joder ğŸ˜­ğŸ¤",es,[],[],[],0,0,0,[],[],https://twitter.com/biichiitx23/status/1416547558646763522,False,https://twitter.com/biichiitx23/status/1416546379330203656,0,,Barcelona,,,,,,[],,,,
1416547556021133313,1416547556021133313,2021-07-18 01:57:10 CEST,2021-07-18,01:57:10,+0200,332533234,feliz_amelys,MANT | Amelys,,"Amigos nuevos, Copa gratis y posiblemente con algÃºn objeto aleatorio mÃ¡s. La Ãºltima vez que pasÃ³ (en 2019 ğŸ˜­ğŸ˜­ğŸ˜­) volvÃ­ con una peluca rubia. Jej",es,[],[],[],0,0,1,[],[],https://twitter.com/Feliz_Amelys/status/1416547556021133313,False,https://twitter.com/albasanchezp02/status/1415998993520287745,0,,Barcelona,,,,,,[],,,,
1416547546151927811,1416547546151927811,2021-07-18 01:57:07 CEST,2021-07-18,01:57:07,+0200,1206200023672864769,adr7zz,adriğŸ‡¦ğŸ‡·,,No me creo lo que me acaba de pasar,es,[],[],[],0,0,0,[],[],https://twitter.com/adr7zz/status/1416547546151927811,False,,0,,Barcelona,,,,,,[],,,,
1416547534303121411,1416529560749891588,2021-07-18 01:57:05 CEST,2021-07-18,01:57:05,+0200,1244600981058453506,tuheteritofav,aleex â™“ï¸ğŸ¤,,@lanataconfresas lo se teamo y tu mas ğŸ’‹,es,[],[],[],0,0,1,[],[],https://twitter.com/tuheteritofav/status/1416547534303121411,False,,0,,Barcelona,,,,,,"[{'screen_name': 'lanataconfresas', 'name': 'nataconfresas de ainara', 'id': '1351971125450977282'}]",,,,
1416547532721754135,1416526269680918533,2021-07-18 01:57:04 CEST,2021-07-18,01:57:04,+0200,980905127505793024,andriaacardoso,andria,,@anaclglodi ğŸ˜°,und,[],[],[],0,0,0,[],[],https://twitter.com/andriaacardoso/status/1416547532721754135,False,,0,,Barcelona,,,,,,"[{'screen_name': 'anaclglodi', 'name': 'Anaâ˜…', 'id': '1067192111097880581'}]",,,,
1416547525411147782,1416547525411147782,2021-07-18 01:57:02 CEST,2021-07-18,01:57:02,+0200,787228485626556416,saritta_015,Saraâš˜,,"Paso por aquÃ­ para enseÃ±aros la sonrisa mÃ¡s bonita del mundoğŸ¤  Dicho esto, muy buenas nochesğŸ˜Œ  https://t.co/HCcP6ySas9",es,[],[],"['https://pbs.twimg.com/media/E6iWdBYWQAArk61.jpg', 'https://pbs.twimg.com/media/E6iWdT1WQAMlPav.jpg', 'https://pbs.twimg.com/media/E6iWdg7XEAEyEli.jpg', 'https://pbs.twimg.com/media/E6iWdwsXEAIDq-k.jpg']",0,0,0,[],[],https://twitter.com/Saritta_015/status/1416547525411147782,False,,1,https://pbs.twimg.com/media/E6iWdBYWQAArk61.jpg,Barcelona,,,,,,[],,,,
1416547513809739779,1416547513809739779,2021-07-18 01:57:00 CEST,2021-07-18,01:57:00,+0200,14375999,vpascual,VÃ­ctor Pascual Cid,,Proud to have had the opportunity to write with @pere_rovira this #datavis guide for the catalan government ğŸ˜Š,en,"[{'screen_name': 'pere_rovira', 'name': 'pere rovira', 'id': '1125331'}]",[],[],0,0,1,['datavis'],[],https://twitter.com/vpascual/status/1416547513809739779,False,https://twitter.com/jordigraells/status/1416466983659450369,0,,Barcelona,,,,,,[],,,,
1416547510156410885,1416547510156410885,2021-07-18 01:56:59 CEST,2021-07-18,01:56:59,+0200,582325326,maxi_pinky,â™¡Maxi Pinkyâ™ªâ™«,,â­ï¸ â€œNo abras los labios si no estÃ¡s seguro de que lo que vas a decir es mÃ¡s hermoso que el silencio.â€ - Proverbio Ã¡rabe,es,[],[],[],0,0,0,[],[],https://twitter.com/Maxi_Pinky/status/1416547510156410885,False,,0,,Barcelona,,,,,,[],,,,
1416547504028520462,1416422554777051140,2021-07-18 01:56:57 CEST,2021-07-18,01:56:57,+0200,1074449912480313345,mowglisxk,Mowgli ğŸ‡¦ğŸ‡·,,"@etclairr en effet il yâ€™a du travail derriÃ¨re, mercii",fr,[],[],[],0,0,1,[],[],https://twitter.com/mowglisxk/status/1416547504028520462,False,,0,,Barcelona,,,,,,"[{'screen_name': 'etclairr', 'name': 'Une Barcelonaise', 'id': '963460582748942336'}]",,,,
1416547503189774342,1416547503189774342,2021-07-18 01:56:57 CEST,2021-07-18,01:56:57,+0200,912652085967060992,sk8erboi86bcn,Avril My Love â¤ï¸,, https://t.co/XJPiBPwcwX,und,[],[],['https://pbs.twimg.com/media/E6iWcYSXEAcs59B.jpg'],0,0,0,[],[],https://twitter.com/Sk8erBoi86Bcn/status/1416547503189774342,False,,1,https://pbs.twimg.com/media/E6iWcYSXEAcs59B.jpg,Barcelona,,,,,,[],,,,
1416547502678028289,1416547502678028289,2021-07-18 01:56:57 CEST,2021-07-18,01:56:57,+0200,233226754,fallenxapart,Crossbreaker ğŸ•·,,Como bien dijeron EODM â€œIâ€™m never in a hurry Iâ€™m just moving fastâ€,en,[],[],[],0,0,2,[],[],https://twitter.com/FallenxApart/status/1416547502678028289,False,,0,,Barcelona,,,,,,[],,,,
1416547500723515399,1416547500723515399,2021-07-18 01:56:57 CEST,2021-07-18,01:56:57,+0200,1121357547548676096,aleejosoriano,alejo,,me gustarÃ­a jubilarme de las fiestas,es,[],[],[],2,0,1,[],[],https://twitter.com/aleejosoriano/status/1416547500723515399,False,,0,,Barcelona,,,,,,[],,,,
1416547495837110275,1416518745011494912,2021-07-18 01:56:55 CEST,2021-07-18,01:56:55,+0200,1088622360700350466,yara_fcb,ÙŠÙ€Íœà¹‹â€Ù€Ù€Ù€Ù€Ù€Ø¢Ø±Ø¢ ğŸ”ŸğŸ‘‘,,@xm_m0613 ÙƒÙ„Ù†Ø§ ÙŠÙ…Ø¬ ÙˆÙˆÙŠØ§Ø¬ ÙŠÙƒÙ„Ø¨ÙŠ ğŸ˜”ğŸ’™,ar,[],[],[],0,0,0,[],[],https://twitter.com/Yara_fcb/status/1416547495837110275,False,,0,,Barcelona,,,,,,"[{'screen_name': 'xm_m0613', 'name': 'Ù…Ù€ÙˆØ¶ÙŠ .', 'id': '798193295327461376'}]",,,,
1416547493278584833,1416147359336120329,2021-07-18 01:56:55 CEST,2021-07-18,01:56:55,+0200,3842353697,montsecarrasco6,Montse Carrasco,,@Ra86327075 @CeuPinto3 @VickyLecter #APOYOROCIO18J  https://t.co/mozIvE6xQG,und,[],[],['https://pbs.twimg.com/media/E6iWb_nXMAcG0gF.png'],0,1,4,['apoyorocio18j'],[],https://twitter.com/MontseCarrasco6/status/1416547493278584833,False,,1,https://pbs.twimg.com/media/E6iWb_nXMAcG0gF.png,Barcelona,,,,,,"[{'screen_name': 'Ra86327075', 'name': 'Ra (Respeto,lealtad y compaÃ±erismo)', 'id': '1385266896761729033'}, {'screen_name': 'CeuPinto3', 'name': 'Ceu Pinto', 'id': '1401891226727616518'}, {'screen_name': 'VickyLecter', 'name': 'Vicky Lecter ğŸ•Šï¸', 'id': '1081034432'}]",,,,
1416547482956353538,1416487826267545604,2021-07-18 01:56:52 CEST,2021-07-18,01:56:52,+0200,1031794564657541122,toniarius,Tonia Rius Garcia-Planas,,@gabrielrufian Mejor cuidarlo y no hablar tanto.,es,[],[],[],0,0,0,[],[],https://twitter.com/ToniaRius/status/1416547482956353538,False,,0,,Barcelona,,,,,,"[{'screen_name': 'gabrielrufian', 'name': 'Gabriel RufiÃ¡n', 'id': '2904896141'}]",,,,
1416547479256961030,1416545575814799363,2021-07-18 01:56:51 CEST,2021-07-18,01:56:51,+0200,1191939756109815809,kapfcb,kapâš¡,,"@LionelGustin Me gustan los retos es obviÃ³ que para el Bayern es muy fÃ¡cil ganarla, espero esta temporada sea la excepciÃ³n.",es,[],[],[],1,0,1,[],[],https://twitter.com/KapFcb/status/1416547479256961030,False,,0,,Barcelona,,,,,,"[{'screen_name': 'LionelGustin', 'name': 'Leo.', 'id': '1101987867096686595'}]",,,,
1416547476018978816,1416529560749891588,2021-07-18 01:56:51 CEST,2021-07-18,01:56:51,+0200,1244600981058453506,tuheteritofav,aleex â™“ï¸ğŸ¤,,@crisdhz_ tu mas,es,[],[],[],0,0,1,[],[],https://twitter.com/tuheteritofav/status/1416547476018978816,False,,0,,Barcelona,,,,,,"[{'screen_name': 'crisdhz_', 'name': 'cris', 'id': '1254468486832758784'}]",,,,
1416547473355649036,1416486572833267718,2021-07-18 01:56:50 CEST,2021-07-18,01:56:50,+0200,1283158484989677579,therobert_g,RobertğŸ’«,,@laura_pm03 ğŸ’©ğŸ’©ğŸ’©,und,[],[],[],0,0,0,[],[],https://twitter.com/therobert_g/status/1416547473355649036,False,,0,,Barcelona,,,,,,"[{'screen_name': 'laura_pm03', 'name': 'Laura', 'id': '1295738729668190212'}]",,,,
1416547469723410436,1416547469723410436,2021-07-18 01:56:49 CEST,2021-07-18,01:56:49,+0200,1219737228701773827,badggguk,âœenaâœ,,Un abrazo y q te digan te quiero&gt;&gt;&gt;&gt;ğŸŒ,es,[],[],[],1,0,2,[],[],https://twitter.com/badggguk/status/1416547469723410436,False,https://twitter.com/psisuki/status/1416523186045345795,0,,Barcelona,,,,,,[],,,,
1416547466586034178,1416547466586034178,2021-07-18 01:56:48 CEST,2021-07-18,01:56:48,+0200,130558100,issipw,"""The Unprofessional Wrestler"" IssI ğŸ’€ğŸ¦µğŸ¼",,"El ending es maravilloso, la pelÃ­cula tiene un montÃ³n de referencias a la serie y la animaciÃ³n es increÃ­ble... Tantos aÃ±os de espera han valido la pena ğŸ’™",es,[],[],[],0,0,1,[],[],https://twitter.com/IssIPw/status/1416547466586034178,False,https://twitter.com/IssIPw/status/1416518254588272641,0,,Barcelona,,,,,,[],,,,
1416547463880712199,1416529225180454921,2021-07-18 01:56:48 CEST,2021-07-18,01:56:48,+0200,1069566272294330368,expertoennada1,Experto en nada,,@Goyathlay1980 @GBCLopi No se que aporta de utilidad esta disquisicion.,es,[],[],[],1,0,0,[],[],https://twitter.com/Expertoennada1/status/1416547463880712199,False,,0,,Barcelona,,,,,,"[{'screen_name': 'Goyathlay1980', 'name': 'Eduardo Siquier CortÃ©s ğŸ’œğŸ’›ğŸ”»', 'id': '187934173'}, {'screen_name': 'GBCLopi', 'name': 'Gonzalo Bonet', 'id': '244479652'}]",,,,
1416547460617547780,1416539670058524674,2021-07-18 01:56:47 CEST,2021-07-18,01:56:47,+0200,764815242153123840,itsbxlu,b;ğŸŒ¸,,@ainhoaszone ğŸ’˜ğŸ’˜ğŸ’˜,und,[],[],[],0,0,0,[],[],https://twitter.com/itsbxlu/status/1416547460617547780,False,,0,,Barcelona,,,,,,"[{'screen_name': 'ainhoaszone', 'name': 'ainhoa ğŸŒ', 'id': '1158519188782276611'}]",,,,
1416547455185952769,1416547455185952769,2021-07-18 01:56:46 CEST,2021-07-18,01:56:46,+0200,1403116873626144769,maactivist,Jukebox,,@darrentill2 if you reply to this will throw my wife from the balcony to the pool + I can kick your ass into the pool as well,en,"[{'screen_name': 'darrentill2', 'name': 'd', 'id': '635796111'}]",[],[],0,0,0,[],[],https://twitter.com/MAactivist/status/1416547455185952769,False,,0,,Barcelona,,,,,,[],,,,
1416547452640010248,1416546993715957760,2021-07-18 01:56:45 CEST,2021-07-18,01:56:45,+0200,1244600981058453506,tuheteritofav,aleex â™“ï¸ğŸ¤,,@Maartiitaahr joder tia todo mal,es,[],[],[],1,0,0,[],[],https://twitter.com/tuheteritofav/status/1416547452640010248,False,,0,,Barcelona,,,,,,"[{'screen_name': 'Maartiitaahr', 'name': 'Martitah loves CarlağŸ¥µ', 'id': '1254097695293267968'}]",,,,
1416547447095037954,1416411844755996674,2021-07-18 01:56:44 CEST,2021-07-18,01:56:44,+0200,1565600406,valenttina18_,Valens,,@santiagorv97 ImagÃ­nate y no me aprovechan,es,[],[],[],0,0,1,[],[],https://twitter.com/Valenttina18_/status/1416547447095037954,False,,0,,Barcelona,,,,,,"[{'screen_name': 'santiagorv97', 'name': 'santiago ramirez V', 'id': '617850495'}]",,,,
1416547446428160025,1416547446428160025,2021-07-18 01:56:44 CEST,2021-07-18,01:56:44,+0200,1324501385203879936,ssaantiiii,santiğŸ’™,,Haces q sea otro,es,[],[],[],0,0,0,[],[],https://twitter.com/ssaantiiii/status/1416547446428160025,False,,0,,Barcelona,,,,,,[],,,,
1416547435627827200,1416547435627827200,2021-07-18 01:56:41 CEST,2021-07-18,01:56:41,+0200,806632742704254976,xyunjiex,Sonia Pelegrin,, https://t.co/DlGmi2W2TA,und,[],[],['https://pbs.twimg.com/media/E6iWYj2WYAMKlmY.jpg'],0,0,2,[],[],https://twitter.com/xYunjiex/status/1416547435627827200,False,,1,https://pbs.twimg.com/media/E6iWYj2WYAMKlmY.jpg,Barcelona,,,,,,[],,,,
1416547433849528321,1416544487459917824,2021-07-18 01:56:41 CEST,2021-07-18,01:56:41,+0200,2518825570,sr_burns__,Sr.Burns ğŸ‡ªğŸ‡¸( Vox )ğŸ‡ªğŸ‡¸,,@sergioespsan ğŸ¤£ğŸ¤£ğŸ¤£ğŸ¤£ğŸ¤£ Genial el tweet jajajajaa,es,[],[],[],1,0,1,[],[],https://twitter.com/Sr_Burns__/status/1416547433849528321,False,,0,,Barcelona,,,,,,"[{'screen_name': 'sergioespsan', 'name': '#SOSCubağŸ‡¨ğŸ‡ºğŸ‡ªğŸ‡¦âšªâš«ğŸ’š', 'id': '3302407625'}]",,,,
1416547426966687744,1416547426966687744,2021-07-18 01:56:39 CEST,2021-07-18,01:56:39,+0200,747974459060011008,felixxteje,Felix CasiGraduada #TeamSagittaria,,que 20 + 20 sigui 40 es un fet que la meva cartera no pot soportar,ca,[],[],[],1,0,4,[],[],https://twitter.com/FelixxTeje/status/1416547426966687744,False,,0,,Barcelona,,,,,,[],,,,
1416547423372054533,1416535682051362816,2021-07-18 01:56:38 CEST,2021-07-18,01:56:38,+0200,1326983102514782213,joanaaa__18,JoanağŸ’«,,@Alexxandra988_ Me alegro &lt;3,es,[],[],[],0,0,1,[],[],https://twitter.com/Joanaaa__18/status/1416547423372054533,False,,0,,Barcelona,,,,,,"[{'screen_name': 'Alexxandra988_', 'name': 'AlexxandraâµğŸ‡»ğŸ‡ª', 'id': '1298424665598238720'}]",,,,
1416547421975363591,1416547421975363591,2021-07-18 01:56:38 CEST,2021-07-18,01:56:38,+0200,806632742704254976,xyunjiex,Sonia Pelegrin,, https://t.co/qRMB9ur28g,und,[],[],['https://pbs.twimg.com/media/E6iWXuWWUAQ2gLW.jpg'],0,0,5,[],[],https://twitter.com/xYunjiex/status/1416547421975363591,False,,1,https://pbs.twimg.com/media/E6iWXuWWUAQ2gLW.jpg,Barcelona,,,,,,[],,,,
1416547420197081097,1416547420197081097,2021-07-18 01:56:37 CEST,2021-07-18,01:56:37,+0200,293631758,alienistik,Andrey ğŸ³ï¸â€ğŸŒˆğŸ¦„,,Tengo demasiadas guerras en mi vida como para que el amor sea una de ellas. No se lucha por amor. Se lucha con.,es,[],[],[],0,0,0,[],[],https://twitter.com/Alienistik/status/1416547420197081097,False,,0,,Barcelona,,,,,,[],,,,
1416547404753539074,1416547404753539074,2021-07-18 01:56:34 CEST,2021-07-18,01:56:34,+0200,2533310702,imcalledciscu,ciscuuuuuu,,@Aitanax !!!!!!!,und,"[{'screen_name': 'aitanax', 'name': 'aitana', 'id': '921734966584709120'}]",[],[],0,0,2,[],[],https://twitter.com/imcalledciscu/status/1416547404753539074,False,https://twitter.com/pitterlopezc/status/1416438442502901761,0,,Barcelona,,,,,,[],,,,
1416547404506087428,1416547222959771649,2021-07-18 01:56:34 CEST,2021-07-18,01:56:34,+0200,3290900823,aphroditetheory,MichiğŸ¦„,,Que no me he acostado con nadie y no me he quedado embarazada de tres posibles hombres pero PERO HA SIDO UNA WHAT A NIGHT,es,[],[],[],0,0,1,[],[],https://twitter.com/aphroditetheory/status/1416547404506087428,False,,0,,Barcelona,,,,,,[],,,,
1416547400072769539,1416544318823804946,2021-07-18 01:56:33 CEST,2021-07-18,01:56:33,+0200,723864840,mohii94,PISHCAO,,@marwabht Pq esta de moda,pt,[],[],[],0,0,0,[],[],https://twitter.com/mohii94/status/1416547400072769539,False,,0,,Barcelona,,,,,,"[{'screen_name': 'marwabht', 'name': 'Ğ¼Î±ÑÏ‰Î±âœ¨', 'id': '1263185560123977733'}]",,,,
1416547394783793154,1416487826267545604,2021-07-18 01:56:31 CEST,2021-07-18,01:56:31,+0200,3683459002,trastolillubcn,Pati/ğŸ«,,"@jordicarnertorr @gabrielrufian Lo han reconocido en el propio Parlament los autores de este desvÃ­o. MÃ­rate la noticia y los vÃ­deos de la comisiÃ³n y no molestes, desequilibrado.",es,[],[],[],0,0,3,[],[],https://twitter.com/TrastolilluBCN/status/1416547394783793154,False,,0,,Barcelona,,,,,,"[{'screen_name': 'jordicarnertorr', 'name': 'Jordi Carner', 'id': '586788504'}, {'screen_name': 'gabrielrufian', 'name': 'Gabriel RufiÃ¡n', 'id': '2904896141'}]",,,,
1416547393244438528,1416547393244438528,2021-07-18 01:56:31 CEST,2021-07-18,01:56:31,+0200,1022059020671242240,vilamajomar,MğŸŒŠ,,"la nostra felicitat es construeix al dia a dia, les paelles, els polvos, el sol I la sangriaâœ¨âœ¨âœ¨",ca,[],[],[],1,0,9,[],[],https://twitter.com/VilamajoMar/status/1416547393244438528,False,,0,,Barcelona,,,,,,[],,,,
1416547392661434368,1416212852835295232,2021-07-18 01:56:31 CEST,2021-07-18,01:56:31,+0200,883350058107908097,monra0528,Ramon ğŸ’šğŸ’šğŸ‡ªğŸ‡¦ğŸ‡»ğŸ‡ª,,@manuperez2002 HDP,und,[],[],[],0,0,1,[],[],https://twitter.com/monra0528/status/1416547392661434368,False,,0,,Barcelona,,,,,,"[{'screen_name': 'manuperez2002', 'name': 'Manuel PÃ©rez', 'id': '440336544'}]",,,,
1416547391361241089,1416547391361241089,2021-07-18 01:56:30 CEST,2021-07-18,01:56:30,+0200,411857358,marcmoliz,Marc,, https://t.co/o3IGit9m7J,und,[],[],['https://pbs.twimg.com/tweet_video_thumb/E6iWVveXsAEV7RI.jpg'],0,0,3,[],[],https://twitter.com/marcmoliz/status/1416547391361241089,False,https://twitter.com/levmauc/status/1416405696313270279,1,https://pbs.twimg.com/tweet_video_thumb/E6iWVveXsAEV7RI.jpg,Barcelona,,,,,,[],,,,
1416547383006085124,1416520419226669059,2021-07-18 01:56:28 CEST,2021-07-18,01:56:28,+0200,1097419779244285952,incansable8,No me canso,,"@adzailapegoli @canovasPM @FAQSTV3 8""",und,[],[],[],0,0,1,[],[],https://twitter.com/Incansable8/status/1416547383006085124,False,,0,,Barcelona,,,,,,"[{'screen_name': 'adzailapegoli', 'name': 'AdzaÃ¯la', 'id': '1301243767303929858'}, {'screen_name': 'canovasPM', 'name': 'Antonio CÃ¡novas del Castillo', 'id': '708902629'}, {'screen_name': 'FAQSTV3', 'name': 'Preguntes freqÃ¼ents', 'id': '902551436952788992'}]",,,,
1416547372134502401,1416523783473614858,2021-07-18 01:56:26 CEST,2021-07-18,01:56:26,+0200,1287439412398305280,goldrshaland,ju!Â¡â¹Â¹,,"@arctic7xRM y bno la canciÃ³n cuÃ¡ndo saliÃ³ se uso el seudÃ³nimo de ""nils"" que en realidad era taylor, luego la publicista de taylor saliÃ³ a aclarar eso y bueno calvin quedo ardido y bno, taylor en lwymmd, el video con el que regreso a la musica de hecho hace alusiÃ³n a eso  https://t.co/70KRLb47FM",es,[],[],"['https://pbs.twimg.com/media/E6iWUxUXIAMg-es.jpg', 'https://pbs.twimg.com/media/E6iWU8fXoAMMO2I.jpg']",2,0,0,[],[],https://twitter.com/goldrshaland/status/1416547372134502401,False,,1,https://pbs.twimg.com/media/E6iWUxUXIAMg-es.jpg,Barcelona,,,,,,"[{'screen_name': 'arctic7xRM', 'name': 'ğ“¥. ğŸ¤', 'id': '840736843519934471'}]",,,,
1416547365549445120,1416492685989400577,2021-07-18 01:56:24 CEST,2021-07-18,01:56:24,+0200,1212793648477138944,edanielr,DANIELITOHND,,"@GamesXplosioN Hola @GamesXplosioN ; Â¿Te harÃ© una pregunta? Â¡Por lo menos haz probado a jugar @NFSNL ! Â¡EstÃ¡s al dÃ­a de las Ãºltimas actualizaciones! Â¡Te crees tan ""Guapo"" Ã³ ""Gallina"" de jugar @NFSNL ! ""Recuerda una cosa"" @NFSNL es tambiÃ©n @EA_NFS_DE .  https://t.co/B9tsVMhiVw",es,"[{'screen_name': 'gamesxplosion', 'name': 'xplosion', 'id': '581216826'}, {'screen_name': 'nfsnl', 'name': 'need for speed no limits', 'id': '2764748635'}, {'screen_name': 'nfsnl', 'name': 'need for speed no limits', 'id': '2764748635'}, {'screen_name': 'nfsnl', 'name': 'need for speed no limits', 'id': '2764748635'}, {'screen_name': 'ea_nfs_de', 'name': 'ea - need for speed', 'id': '57011886'}]",[],['https://pbs.twimg.com/tweet_video_thumb/E6iWUQXWQAAuXZF.jpg'],0,0,0,[],[],https://twitter.com/edanielr/status/1416547365549445120,False,,1,https://pbs.twimg.com/tweet_video_thumb/E6iWUQXWQAAuXZF.jpg,Barcelona,,,,,,"[{'screen_name': 'GamesXplosioN', 'name': 'XplosioN', 'id': '581216826'}]",,,,
1416547357789982722,1416547357789982722,2021-07-18 01:56:22 CEST,2021-07-18,01:56:22,+0200,1341093995942993923,dddsyre,Ess dddsyre,,ğŸ¥ºğŸ’•,und,[],[],[],0,0,3,[],[],https://twitter.com/dddsyre/status/1416547357789982722,False,https://twitter.com/pachecoe27/status/1416544095904931845,0,,Barcelona,,,,,,[],,,,
1416547348910587904,1416518745011494912,2021-07-18 01:56:20 CEST,2021-07-18,01:56:20,+0200,1088622360700350466,yara_fcb,ÙŠÙ€Íœà¹‹â€Ù€Ù€Ù€Ù€Ù€Ø¢Ø±Ø¢ ğŸ”ŸğŸ‘‘,,@xm_m0613 Ø£Ù†Ø§ Ù„Ù„Ù‡ ÙˆØ£Ù†Ø§ Ø§Ù„ÙŠÙ‡ Ø±Ø§Ø¬Ø¹ÙˆÙ† â¤ï¸,ar,[],[],[],0,0,1,[],[],https://twitter.com/Yara_fcb/status/1416547348910587904,False,,0,,Barcelona,,,,,,"[{'screen_name': 'xm_m0613', 'name': 'Ù…Ù€ÙˆØ¶ÙŠ .', 'id': '798193295327461376'}]",,,,
1416547338135420930,1416541796868497411,2021-07-18 01:56:18 CEST,2021-07-18,01:56:18,+0200,1407357380350914574,mismaotravez1,mismaotravez,,@AmorEte65474229 El que no para de chupar teta del paÃ­s que dice odiar. Manda huevos las tragaderas enormes que tenemos,es,[],[],[],0,0,0,[],[],https://twitter.com/mismaotravez1/status/1416547338135420930,False,,0,,Barcelona,,,,,,"[{'screen_name': 'AmorEte65474229', 'name': 'Amor Eterno BelÃ©n ğŸ–¤ğŸ‡ªğŸ‡¦ğŸ’š', 'id': '1243996191739838464'}]",,,,
1416547336822611995,1416220581431844866,2021-07-18 01:56:17 CEST,2021-07-18,01:56:17,+0200,2177888071,aalamanah,samirif âµ™â´°âµâµ‰âµ”âµ‰â´¼,,@Anisabusrrua Con muchos aÃ±os guapaâ€¦Ø¹ÙŠØ¯ Ù…ÙŠÙ„Ø§Ø¯ Ø³Ø¹ÙŠØ¯ Ùˆ ÙƒÙ„ Ø¹Ø§Ù… Ùˆ Ø£Ù†Øª Ø¨Ø®ÙŠØ±,und,[],[],[],0,0,0,[],[],https://twitter.com/AAlamanah/status/1416547336822611995,False,,0,,Barcelona,,,,,,"[{'screen_name': 'Anisabusrrua', 'name': 'ğ“ğ“·ğ“·_', 'id': '1263804464009547777'}]",,,,
1416547335279161352,1416037328229969921,2021-07-18 01:56:17 CEST,2021-07-18,01:56:17,+0200,763309795386458113,karkorgim,KarKorGim :3,,@mariagmxz DÃ¡selos a mi hermana aunque no pueda contagiar a nadie,es,[],[],[],0,0,1,[],[],https://twitter.com/KarKorGim/status/1416547335279161352,False,,0,,Barcelona,,,,,,"[{'screen_name': 'mariagmxz', 'name': 'meri â™¡', 'id': '978337525487063042'}]",,,,
